,episode reward,episode,Method
0,-22.5945,1,LSTM
1,-22.5935,2,LSTM
2,-22.599999999999994,3,LSTM
3,-22.581,4,LSTM
4,-22.576,5,LSTM
5,-22.561499999999995,6,LSTM
6,-22.546,7,LSTM
7,-22.529999999999994,8,LSTM
8,-22.5215,9,LSTM
9,-22.522499999999994,10,LSTM
10,-22.509,11,LSTM
11,-22.5075,12,LSTM
12,-22.656,13,LSTM
13,-23.8685,14,LSTM
14,-23.88,15,LSTM
15,-23.898,16,LSTM
16,-25.0045,17,LSTM
17,-24.9985,18,LSTM
18,-25.013,19,LSTM
19,-24.945500000000006,20,LSTM
20,-24.961,21,LSTM
21,-24.976000000000006,22,LSTM
22,-25.045000000000005,23,LSTM
23,-24.964500000000008,24,LSTM
24,-24.94950000000001,25,LSTM
25,-24.998500000000003,26,LSTM
26,-25.03400000000001,27,LSTM
27,-25.011500000000005,28,LSTM
28,-24.928500000000003,29,LSTM
29,-24.960000000000004,30,LSTM
30,-24.9655,31,LSTM
31,-24.977000000000004,32,LSTM
32,-24.984500000000004,33,LSTM
33,-24.987,34,LSTM
34,-24.9925,35,LSTM
35,-24.9495,36,LSTM
36,-24.967,37,LSTM
37,-24.9675,38,LSTM
38,-24.981,39,LSTM
39,-24.89,40,LSTM
40,-24.8735,41,LSTM
41,-24.832,42,LSTM
42,-24.727,43,LSTM
43,-24.626,44,LSTM
44,-24.627,45,LSTM
45,-24.613000000000003,46,LSTM
46,-24.541999999999998,47,LSTM
47,-24.46250000000001,48,LSTM
48,-24.3695,49,LSTM
49,-24.283000000000005,50,LSTM
50,-24.17700000000001,51,LSTM
51,-24.02500000000001,52,LSTM
52,-23.86500000000001,53,LSTM
53,-23.85800000000001,54,LSTM
54,-23.76650000000001,55,LSTM
55,-23.67450000000001,56,LSTM
56,-23.57750000000001,57,LSTM
57,-23.47150000000001,58,LSTM
58,-23.331500000000005,59,LSTM
59,-23.31450000000001,60,LSTM
60,-23.31350000000001,61,LSTM
61,-23.03650000000001,62,LSTM
62,-22.87400000000001,63,LSTM
63,-22.78850000000001,64,LSTM
64,-22.70150000000001,65,LSTM
65,-22.601500000000016,66,LSTM
66,-22.510500000000018,67,LSTM
67,-22.434000000000008,68,LSTM
68,-22.272000000000013,69,LSTM
69,-21.926000000000013,70,LSTM
70,-21.352000000000018,71,LSTM
71,-20.98800000000001,72,LSTM
72,-20.32900000000001,73,LSTM
73,-20.220500000000012,74,LSTM
74,-20.23700000000002,75,LSTM
75,-20.252000000000017,76,LSTM
76,-20.167500000000018,77,LSTM
77,-20.167000000000016,78,LSTM
78,-20.113500000000016,79,LSTM
79,-19.98150000000002,80,LSTM
80,-19.726000000000013,81,LSTM
81,-19.621000000000013,82,LSTM
82,-19.60500000000001,83,LSTM
83,-19.511000000000013,84,LSTM
84,-19.30000000000001,85,LSTM
85,-19.19000000000001,86,LSTM
86,-19.203000000000017,87,LSTM
87,-19.11100000000001,88,LSTM
88,-19.02000000000001,89,LSTM
89,-18.92200000000001,90,LSTM
90,-18.842500000000012,91,LSTM
91,-18.761500000000016,92,LSTM
92,-18.656500000000012,93,LSTM
93,-18.67300000000001,94,LSTM
94,-18.55200000000001,95,LSTM
95,-18.467000000000013,96,LSTM
96,-18.45250000000001,97,LSTM
97,-18.33250000000001,98,LSTM
98,-17.539500000000007,99,LSTM
99,-17.44850000000001,100,LSTM
100,-17.346500000000006,101,LSTM
101,-16.706500000000005,102,LSTM
102,-15.684500000000005,103,LSTM
103,-15.687000000000005,104,LSTM
104,-15.689500000000002,105,LSTM
105,-15.686000000000002,106,LSTM
106,-15.6625,107,LSTM
107,-15.546,108,LSTM
108,-15.408,109,LSTM
109,-15.391999999999998,110,LSTM
110,-15.380999999999995,111,LSTM
111,-15.372999999999996,112,LSTM
112,-15.278999999999995,113,LSTM
113,-15.259999999999994,114,LSTM
114,-15.275999999999994,115,LSTM
115,-15.199999999999996,116,LSTM
116,-15.217999999999993,117,LSTM
117,-15.087999999999992,118,LSTM
118,-15.085999999999993,119,LSTM
119,-15.088999999999993,120,LSTM
120,-15.07499999999999,121,LSTM
121,-15.068499999999991,122,LSTM
122,-14.932999999999987,123,LSTM
123,-14.756999999999987,124,LSTM
124,-14.614499999999984,125,LSTM
125,-14.523499999999983,126,LSTM
126,-14.526499999999983,127,LSTM
127,-14.422499999999983,128,LSTM
128,-14.425499999999984,129,LSTM
129,-14.42749999999998,130,LSTM
130,-14.339499999999976,131,LSTM
131,-14.305999999999976,132,LSTM
132,-14.279999999999976,133,LSTM
133,-14.188999999999973,134,LSTM
134,-14.099999999999973,135,LSTM
135,-14.00999999999998,136,LSTM
136,-13.899999999999974,137,LSTM
137,-13.899999999999974,138,LSTM
138,-13.823499999999974,139,LSTM
139,-13.720499999999975,140,LSTM
140,-13.543499999999973,141,LSTM
141,-13.448499999999967,142,LSTM
142,-13.350499999999972,143,LSTM
143,-13.190999999999967,144,LSTM
144,-12.807999999999964,145,LSTM
145,-11.511999999999965,146,LSTM
146,-10.781999999999963,147,LSTM
147,-10.56899999999996,148,LSTM
148,-10.409999999999961,149,LSTM
149,-10.297999999999957,150,LSTM
150,-10.056499999999957,151,LSTM
151,-9.832499999999957,152,LSTM
152,-9.840499999999954,153,LSTM
153,-9.664999999999957,154,LSTM
154,-9.583499999999956,155,LSTM
155,-9.437999999999956,156,LSTM
156,-9.013499999999958,157,LSTM
157,-7.882499999999957,158,LSTM
158,-6.967499999999959,159,LSTM
159,-6.656499999999957,160,LSTM
160,-6.658999999999957,161,LSTM
161,-6.582999999999957,162,LSTM
162,-6.4489999999999545,163,LSTM
163,-6.086499999999952,164,LSTM
164,-6.069499999999953,165,LSTM
165,-5.988999999999951,166,LSTM
166,-5.873999999999951,167,LSTM
167,-5.673499999999949,168,LSTM
168,-5.59949999999995,169,LSTM
169,-5.382999999999952,170,LSTM
170,-5.28199999999995,171,LSTM
171,-5.18849999999995,172,LSTM
172,-5.094999999999947,173,LSTM
173,-5.007999999999949,174,LSTM
174,-4.894999999999948,175,LSTM
175,-4.856999999999946,176,LSTM
176,-4.851999999999946,177,LSTM
177,-4.851999999999946,178,LSTM
178,-4.290999999999944,179,LSTM
179,-4.253999999999942,180,LSTM
180,-4.266499999999942,181,LSTM
181,-3.245499999999938,182,LSTM
182,-3.0644999999999394,183,LSTM
183,-2.9579999999999433,184,LSTM
184,-2.8559999999999444,185,LSTM
185,-2.774499999999944,186,LSTM
186,-2.68599999999994,187,LSTM
187,-2.609499999999944,188,LSTM
188,-2.52599999999994,189,LSTM
189,-2.431999999999939,190,LSTM
190,-2.352999999999938,191,LSTM
191,-2.2769999999999344,192,LSTM
192,-2.2019999999999347,193,LSTM
193,-2.125999999999931,194,LSTM
194,-2.0364999999999283,195,LSTM
195,-1.943999999999928,196,LSTM
196,-1.8654999999999244,197,LSTM
197,-1.7784999999999218,198,LSTM
198,-1.703499999999922,199,LSTM
199,-1.6304999999999246,200,LSTM
200,-1.5529999999999244,201,LSTM
201,-1.4749999999999226,202,LSTM
202,-1.377499999999923,203,LSTM
203,-1.29799999999992,204,LSTM
204,-1.2209999999999173,205,LSTM
205,-1.1444999999999164,206,LSTM
206,-1.0689999999999145,207,LSTM
207,-1.0879999999999157,208,LSTM
208,-1.011999999999912,209,LSTM
209,-0.93399999999991,210,LSTM
210,-0.8559999999999082,211,LSTM
211,-0.7764999999999054,212,LSTM
212,-0.5474999999999045,213,LSTM
213,0.7485000000000991,214,LSTM
214,0.8415000000000964,215,LSTM
215,0.9355000000000974,216,LSTM
216,2.1215000000001005,217,LSTM
217,2.2145000000001027,218,LSTM
218,2.3055000000001065,219,LSTM
219,2.235500000000106,220,LSTM
220,2.32650000000011,221,LSTM
221,2.4175000000001137,222,LSTM
222,2.5860000000001127,223,LSTM
223,2.597000000000112,224,LSTM
224,2.6780000000001154,225,LSTM
225,2.810500000000116,226,LSTM
226,2.92650000000012,227,LSTM
227,3.00900000000012,228,LSTM
228,3.0230000000001205,229,LSTM
229,3.1530000000001204,230,LSTM
230,3.247000000000121,231,LSTM
231,3.356000000000122,232,LSTM
232,3.454000000000124,233,LSTM
233,3.5490000000001234,234,LSTM
234,3.6430000000001246,235,LSTM
235,3.7195000000001257,236,LSTM
236,3.828500000000127,237,LSTM
237,3.920500000000129,238,LSTM
238,4.024000000000128,239,LSTM
239,4.02700000000013,240,LSTM
240,4.112500000000128,241,LSTM
241,4.196000000000127,242,LSTM
242,4.200000000000127,243,LSTM
243,4.11200000000013,244,LSTM
244,4.209000000000134,245,LSTM
245,4.211000000000134,246,LSTM
246,4.2180000000001385,247,LSTM
247,4.239000000000142,248,LSTM
248,4.2410000000001435,249,LSTM
249,4.252000000000148,250,LSTM
250,4.25500000000015,251,LSTM
251,4.257000000000148,252,LSTM
252,4.273000000000152,253,LSTM
253,4.371000000000154,254,LSTM
254,4.372000000000157,255,LSTM
255,4.3750000000001545,256,LSTM
256,4.3760000000001575,257,LSTM
257,4.381000000000158,258,LSTM
258,4.381000000000158,259,LSTM
259,4.477000000000162,260,LSTM
260,4.574000000000165,261,LSTM
261,4.5810000000001665,262,LSTM
262,4.582000000000171,263,LSTM
263,4.583000000000174,264,LSTM
264,4.589000000000178,265,LSTM
265,4.592000000000179,266,LSTM
266,4.593000000000184,267,LSTM
267,4.593000000000184,268,LSTM
268,4.594000000000189,269,LSTM
269,4.688000000000188,270,LSTM
270,4.688000000000188,271,LSTM
271,4.688000000000188,272,LSTM
272,4.689000000000191,273,LSTM
273,4.690000000000196,274,LSTM
274,4.786000000000199,275,LSTM
275,4.880000000000201,276,LSTM
276,4.887000000000203,277,LSTM
277,4.981000000000204,278,LSTM
278,5.0740000000002015,279,LSTM
279,5.171000000000204,280,LSTM
280,5.171000000000204,281,LSTM
281,5.171000000000204,282,LSTM
282,5.265000000000205,283,LSTM
283,5.267000000000206,284,LSTM
284,5.2710000000002095,285,LSTM
285,5.181000000000208,286,LSTM
286,5.277000000000212,287,LSTM
287,5.2800000000002125,288,LSTM
288,5.200500000000216,289,LSTM
289,5.201500000000214,290,LSTM
290,5.206500000000214,291,LSTM
291,5.212500000000216,292,LSTM
292,5.2125000000002135,293,LSTM
293,5.306500000000212,294,LSTM
294,5.307500000000214,295,LSTM
295,5.307500000000212,296,LSTM
296,5.40150000000021,297,LSTM
297,5.401500000000207,298,LSTM
298,5.495500000000208,299,LSTM
299,5.4935000000002026,300,LSTM
300,5.492500000000202,301,LSTM
301,5.494500000000203,302,LSTM
302,5.4945000000002,303,LSTM
303,5.588500000000199,304,LSTM
304,5.682500000000196,305,LSTM
305,5.776500000000197,306,LSTM
306,5.870500000000195,307,LSTM
307,5.870500000000192,308,LSTM
308,5.871500000000193,309,LSTM
309,5.965500000000192,310,LSTM
310,6.059500000000192,311,LSTM
311,6.153500000000191,312,LSTM
312,6.155500000000192,313,LSTM
313,6.2495000000001895,314,LSTM
314,6.3425000000001885,315,LSTM
315,6.342500000000187,316,LSTM
316,6.435500000000186,317,LSTM
317,6.4375000000001865,318,LSTM
318,6.531500000000185,319,LSTM
319,6.625500000000184,320,LSTM
320,6.719500000000182,321,LSTM
321,6.8135000000001815,322,LSTM
322,6.813500000000179,323,LSTM
323,6.813500000000175,324,LSTM
324,6.813500000000174,325,LSTM
325,6.813500000000173,326,LSTM
326,6.90750000000017,327,LSTM
327,6.906500000000169,328,LSTM
328,7.0005000000001685,329,LSTM
329,7.094500000000166,330,LSTM
330,7.098500000000165,331,LSTM
331,7.199500000000167,332,LSTM
332,7.293500000000164,333,LSTM
333,7.293500000000162,334,LSTM
334,7.295500000000162,335,LSTM
335,7.296500000000164,336,LSTM
336,7.296500000000162,337,LSTM
337,7.390500000000161,338,LSTM
338,7.3905000000001575,339,LSTM
339,7.3905000000001575,340,LSTM
340,7.390500000000154,341,LSTM
341,7.390500000000152,342,LSTM
342,7.392500000000153,343,LSTM
343,7.39250000000015,344,LSTM
344,7.3925000000001475,345,LSTM
345,7.392500000000147,346,LSTM
346,7.392500000000143,347,LSTM
347,7.392500000000142,348,LSTM
348,7.391500000000138,349,LSTM
349,7.391500000000138,350,LSTM
350,7.485500000000137,351,LSTM
351,7.485500000000132,352,LSTM
352,7.579500000000133,353,LSTM
353,7.580500000000134,354,LSTM
354,7.580500000000131,355,LSTM
355,7.581500000000132,356,LSTM
356,7.581500000000131,357,LSTM
357,7.4885000000001325,358,LSTM
358,7.489500000000135,359,LSTM
359,7.489500000000132,360,LSTM
360,7.583500000000131,361,LSTM
361,7.583500000000129,362,LSTM
362,7.583500000000126,363,LSTM
363,7.583500000000124,364,LSTM
364,7.677500000000122,365,LSTM
365,7.771500000000121,366,LSTM
366,7.865500000000121,367,LSTM
367,7.865500000000117,368,LSTM
368,7.866500000000119,369,LSTM
369,7.86750000000012,370,LSTM
370,7.867500000000117,371,LSTM
371,7.867500000000116,372,LSTM
372,7.867500000000112,373,LSTM
373,7.8685000000001155,374,LSTM
374,7.962500000000113,375,LSTM
375,8.056500000000112,376,LSTM
376,8.150500000000111,377,LSTM
377,8.244500000000109,378,LSTM
378,8.338500000000108,379,LSTM
379,8.432500000000108,380,LSTM
380,8.526500000000105,381,LSTM
381,8.526500000000102,382,LSTM
382,8.527500000000105,383,LSTM
383,8.528500000000106,384,LSTM
384,8.529500000000107,385,LSTM
385,8.529500000000105,386,LSTM
386,8.529500000000104,387,LSTM
387,8.530500000000105,388,LSTM
388,8.530500000000101,389,LSTM
389,8.5305000000001,390,LSTM
390,8.530500000000098,391,LSTM
391,8.530500000000096,392,LSTM
392,8.530500000000092,393,LSTM
393,8.530500000000089,394,LSTM
394,8.530500000000089,395,LSTM
395,8.530500000000085,396,LSTM
396,8.530500000000082,397,LSTM
397,8.530500000000082,398,LSTM
398,8.53050000000008,399,LSTM
399,8.532500000000079,400,LSTM
400,8.532500000000077,401,LSTM
401,8.532500000000075,402,LSTM
402,8.532500000000073,403,LSTM
403,8.53250000000007,404,LSTM
404,8.532500000000068,405,LSTM
405,8.532500000000066,406,LSTM
406,8.532500000000063,407,LSTM
407,8.626500000000062,408,LSTM
408,8.62650000000006,409,LSTM
409,8.626500000000057,410,LSTM
410,8.626500000000055,411,LSTM
411,8.626500000000052,412,LSTM
412,8.626500000000052,413,LSTM
413,8.626500000000048,414,LSTM
414,8.62750000000005,415,LSTM
415,8.627500000000047,416,LSTM
416,8.627500000000046,417,LSTM
417,8.627500000000044,418,LSTM
418,8.62750000000004,419,LSTM
419,8.62750000000004,420,LSTM
420,8.533500000000041,421,LSTM
421,8.43950000000004,422,LSTM
422,8.440500000000041,423,LSTM
423,8.441500000000042,424,LSTM
424,8.44150000000004,425,LSTM
425,8.441500000000037,426,LSTM
426,8.441500000000035,427,LSTM
427,8.440500000000034,428,LSTM
428,8.439500000000033,429,LSTM
429,8.439500000000029,430,LSTM
430,8.437500000000027,431,LSTM
431,8.431500000000026,432,LSTM
432,8.429500000000024,433,LSTM
433,8.429500000000019,434,LSTM
434,8.429500000000019,435,LSTM
435,8.429500000000019,436,LSTM
436,8.429500000000013,437,LSTM
437,8.429500000000013,438,LSTM
438,8.429500000000013,439,LSTM
439,8.429500000000013,440,LSTM
440,8.430500000000013,441,LSTM
441,8.431500000000014,442,LSTM
442,8.431500000000014,443,LSTM
443,8.525500000000013,444,LSTM
444,8.525500000000008,445,LSTM
445,8.525500000000006,446,LSTM
446,8.525500000000005,447,LSTM
447,8.525500000000001,448,LSTM
448,8.5255,449,LSTM
449,8.525499999999997,450,LSTM
450,8.525499999999996,451,LSTM
451,8.526499999999997,452,LSTM
452,8.526499999999992,453,LSTM
453,8.526499999999992,454,LSTM
454,8.52649999999999,455,LSTM
455,8.527499999999991,456,LSTM
456,8.527499999999991,457,LSTM
457,8.527499999999987,458,LSTM
458,8.527499999999984,459,LSTM
459,8.527499999999982,460,LSTM
460,8.52749999999998,461,LSTM
461,8.527499999999977,462,LSTM
462,8.527499999999975,463,LSTM
463,8.527499999999973,464,LSTM
464,8.52749999999997,465,LSTM
465,8.527499999999968,466,LSTM
466,8.527499999999966,467,LSTM
467,8.527499999999964,468,LSTM
468,8.527499999999959,469,LSTM
469,8.527499999999959,470,LSTM
470,8.527499999999957,471,LSTM
471,8.527499999999954,472,LSTM
472,8.526499999999952,473,LSTM
473,8.52649999999995,474,LSTM
474,8.526499999999949,475,LSTM
475,8.526499999999947,476,LSTM
476,8.526499999999944,477,LSTM
477,8.526499999999944,478,LSTM
478,8.527499999999943,479,LSTM
479,8.527499999999941,480,LSTM
480,8.527499999999941,481,LSTM
481,8.527499999999938,482,LSTM
482,8.527499999999932,483,LSTM
483,8.527499999999932,484,LSTM
484,8.527499999999929,485,LSTM
485,8.618499999999932,486,LSTM
486,8.618499999999928,487,LSTM
487,8.618499999999926,488,LSTM
488,8.700999999999924,489,LSTM
489,8.701999999999925,490,LSTM
490,8.701999999999924,491,LSTM
491,8.701999999999924,492,LSTM
492,8.701999999999924,493,LSTM
493,8.701999999999924,494,LSTM
494,8.701999999999924,495,LSTM
495,8.701999999999924,496,LSTM
496,8.701999999999924,497,LSTM
497,8.701999999999924,498,LSTM
498,8.701999999999924,499,LSTM
499,8.703999999999924,500,LSTM
500,8.704999999999922,501,LSTM
501,8.704999999999922,502,LSTM
502,8.704999999999922,503,LSTM
503,8.704999999999922,504,LSTM
504,8.704999999999922,505,LSTM
505,8.704999999999922,506,LSTM
506,8.704999999999922,507,LSTM
507,8.704999999999922,508,LSTM
508,8.704999999999922,509,LSTM
509,8.704999999999922,510,LSTM
510,8.704999999999922,511,LSTM
511,8.704999999999922,512,LSTM
512,8.704999999999922,513,LSTM
513,8.704999999999922,514,LSTM
514,8.705999999999921,515,LSTM
515,8.705999999999921,516,LSTM
516,8.612999999999921,517,LSTM
517,8.61399999999992,518,LSTM
518,8.61399999999992,519,LSTM
519,8.61399999999992,520,LSTM
520,8.612999999999921,521,LSTM
521,8.611999999999924,522,LSTM
522,8.611999999999924,523,LSTM
523,8.611999999999924,524,LSTM
524,8.611999999999924,525,LSTM
525,8.611999999999924,526,LSTM
526,8.611999999999924,527,LSTM
527,8.612999999999921,528,LSTM
528,8.612999999999921,529,LSTM
529,8.612999999999921,530,LSTM
530,8.612999999999921,531,LSTM
531,8.612999999999921,532,LSTM
532,8.612999999999921,533,LSTM
533,8.612999999999921,534,LSTM
534,8.612999999999921,535,LSTM
535,8.612999999999921,536,LSTM
536,8.612999999999921,537,LSTM
537,8.612999999999921,538,LSTM
538,8.518999999999922,539,LSTM
539,8.424999999999923,540,LSTM
540,8.330999999999923,541,LSTM
541,8.236999999999924,542,LSTM
542,8.142999999999923,543,LSTM
543,8.142999999999923,544,LSTM
544,8.142999999999923,545,LSTM
545,8.142999999999923,546,LSTM
546,8.142999999999923,547,LSTM
547,8.142999999999923,548,LSTM
548,8.143999999999922,549,LSTM
549,8.142999999999923,550,LSTM
550,8.142999999999923,551,LSTM
551,8.141999999999925,552,LSTM
552,8.140999999999925,553,LSTM
553,8.140999999999925,554,LSTM
554,8.140999999999925,555,LSTM
555,8.140999999999925,556,LSTM
556,8.140999999999925,557,LSTM
557,8.140999999999924,558,LSTM
558,8.140999999999924,559,LSTM
559,8.046999999999924,560,LSTM
560,7.952999999999925,561,LSTM
561,7.952999999999925,562,LSTM
562,7.952999999999925,563,LSTM
563,7.952999999999925,564,LSTM
564,7.952999999999925,565,LSTM
565,7.952999999999925,566,LSTM
566,7.952999999999925,567,LSTM
567,7.952999999999925,568,LSTM
568,7.952999999999925,569,LSTM
569,7.952999999999925,570,LSTM
570,7.952999999999925,571,LSTM
571,7.952999999999925,572,LSTM
572,7.952999999999925,573,LSTM
573,7.952999999999925,574,LSTM
574,7.952999999999925,575,LSTM
575,7.952999999999925,576,LSTM
576,7.952999999999925,577,LSTM
577,7.952999999999925,578,LSTM
578,7.952999999999925,579,LSTM
579,7.952999999999925,580,LSTM
580,7.952999999999925,581,LSTM
581,7.952999999999925,582,LSTM
582,7.952999999999925,583,LSTM
583,7.952999999999925,584,LSTM
584,7.952999999999925,585,LSTM
585,7.952999999999925,586,LSTM
586,7.952999999999925,587,LSTM
587,7.9519999999999245,588,LSTM
588,7.9519999999999245,589,LSTM
589,7.9519999999999245,590,LSTM
590,7.9519999999999245,591,LSTM
591,7.9519999999999245,592,LSTM
592,7.9519999999999245,593,LSTM
593,7.9519999999999245,594,LSTM
594,7.9519999999999245,595,LSTM
595,7.9519999999999245,596,LSTM
596,7.9519999999999245,597,LSTM
597,7.9519999999999245,598,LSTM
598,7.9519999999999245,599,LSTM
599,7.9519999999999245,600,LSTM
600,7.9519999999999245,601,LSTM
601,7.9519999999999245,602,LSTM
602,7.9519999999999245,603,LSTM
603,7.9519999999999245,604,LSTM
604,7.9519999999999245,605,LSTM
605,7.9519999999999245,606,LSTM
606,7.9519999999999245,607,LSTM
607,7.950999999999926,608,LSTM
608,7.949999999999927,609,LSTM
609,7.949999999999927,610,LSTM
610,7.949999999999927,611,LSTM
611,7.949999999999927,612,LSTM
612,7.949999999999927,613,LSTM
613,7.949999999999927,614,LSTM
614,7.855999999999927,615,LSTM
615,7.761999999999928,616,LSTM
616,7.667999999999927,617,LSTM
617,7.573999999999927,618,LSTM
618,7.573999999999927,619,LSTM
619,7.667999999999926,620,LSTM
620,7.761999999999926,621,LSTM
621,7.854999999999925,622,LSTM
622,7.854999999999925,623,LSTM
623,7.853999999999925,624,LSTM
624,7.852999999999927,625,LSTM
625,7.852999999999927,626,LSTM
626,7.852999999999927,627,LSTM
627,7.853999999999925,628,LSTM
628,7.853999999999925,629,LSTM
629,7.853999999999925,630,LSTM
630,7.855999999999926,631,LSTM
631,7.861999999999925,632,LSTM
632,7.863999999999926,633,LSTM
633,7.863999999999926,634,LSTM
634,7.863999999999926,635,LSTM
635,7.863999999999926,636,LSTM
636,7.863999999999926,637,LSTM
637,7.863999999999926,638,LSTM
638,7.864999999999925,639,LSTM
639,7.864999999999925,640,LSTM
640,7.864999999999925,641,LSTM
641,7.864999999999925,642,LSTM
642,7.864999999999925,643,LSTM
643,7.864999999999925,644,LSTM
644,7.864999999999925,645,LSTM
645,7.864999999999925,646,LSTM
646,7.864999999999925,647,LSTM
647,7.864999999999925,648,LSTM
648,7.864999999999925,649,LSTM
649,7.863999999999926,650,LSTM
650,7.862999999999928,651,LSTM
651,7.862999999999928,652,LSTM
652,7.795999999999927,653,LSTM
653,7.795999999999927,654,LSTM
654,7.795999999999927,655,LSTM
655,7.795999999999927,656,LSTM
656,7.795999999999927,657,LSTM
657,7.795999999999927,658,LSTM
658,7.795999999999927,659,LSTM
659,7.795999999999927,660,LSTM
660,7.795999999999927,661,LSTM
661,7.795999999999927,662,LSTM
662,7.795999999999927,663,LSTM
663,7.795999999999927,664,LSTM
664,7.795999999999927,665,LSTM
665,7.795999999999927,666,LSTM
666,7.795999999999927,667,LSTM
667,7.794999999999927,668,LSTM
668,7.793999999999928,669,LSTM
669,7.7939999999999285,670,LSTM
670,7.793999999999929,671,LSTM
671,7.793999999999929,672,LSTM
672,7.79499999999993,673,LSTM
673,7.794999999999932,674,LSTM
674,7.7949999999999315,675,LSTM
675,7.7949999999999315,676,LSTM
676,7.7949999999999315,677,LSTM
677,7.794999999999932,678,LSTM
678,7.794999999999933,679,LSTM
679,7.793999999999933,680,LSTM
680,7.793999999999935,681,LSTM
681,7.793999999999935,682,LSTM
682,7.793999999999935,683,LSTM
683,7.793999999999936,684,LSTM
684,7.793999999999938,685,LSTM
685,7.793999999999938,686,LSTM
686,7.793999999999938,687,LSTM
687,7.793999999999938,688,LSTM
688,7.793999999999938,689,LSTM
689,7.793999999999938,690,LSTM
690,7.793999999999938,691,LSTM
691,7.793999999999942,692,LSTM
692,7.793999999999943,693,LSTM
693,7.793999999999943,694,LSTM
694,7.793999999999943,695,LSTM
695,7.793999999999943,696,LSTM
696,7.793999999999943,697,LSTM
697,7.793999999999943,698,LSTM
698,7.793999999999943,699,LSTM
699,7.793999999999945,700,LSTM
700,7.793999999999946,701,LSTM
701,7.793999999999946,702,LSTM
702,7.793999999999946,703,LSTM
703,7.793999999999947,704,LSTM
704,7.793999999999949,705,LSTM
705,7.793999999999949,706,LSTM
706,7.793999999999949,707,LSTM
707,7.79399999999995,708,LSTM
708,7.793999999999951,709,LSTM
709,7.793999999999951,710,LSTM
710,7.793999999999951,711,LSTM
711,7.7939999999999525,712,LSTM
712,7.7939999999999525,713,LSTM
713,7.7939999999999525,714,LSTM
714,7.7939999999999525,715,LSTM
715,7.793999999999953,716,LSTM
716,7.887999999999954,717,LSTM
717,7.887999999999954,718,LSTM
718,7.887999999999954,719,LSTM
719,7.8879999999999555,720,LSTM
720,7.888999999999956,721,LSTM
721,7.8899999999999535,722,LSTM
722,7.8899999999999535,723,LSTM
723,7.889999999999954,724,LSTM
724,7.889999999999957,725,LSTM
725,7.889999999999957,726,LSTM
726,7.888999999999957,727,LSTM
727,7.887999999999957,728,LSTM
728,7.886999999999957,729,LSTM
729,7.88699999999996,730,LSTM
730,7.8859999999999575,731,LSTM
731,7.885999999999959,732,LSTM
732,7.885999999999959,733,LSTM
733,7.885999999999959,734,LSTM
734,7.885999999999959,735,LSTM
735,7.885999999999963,736,LSTM
736,7.885999999999963,737,LSTM
737,7.885999999999963,738,LSTM
738,7.979999999999964,739,LSTM
739,8.073999999999963,740,LSTM
740,8.167999999999964,741,LSTM
741,8.260999999999964,742,LSTM
742,8.354999999999963,743,LSTM
743,8.354999999999965,744,LSTM
744,8.354999999999968,745,LSTM
745,8.354999999999968,746,LSTM
746,8.354999999999968,747,LSTM
747,8.354999999999968,748,LSTM
748,8.354999999999968,749,LSTM
749,8.355999999999968,750,LSTM
750,8.355999999999968,751,LSTM
751,8.355999999999968,752,LSTM
752,8.356999999999966,753,LSTM
753,8.356999999999967,754,LSTM
754,8.356999999999967,755,LSTM
755,8.356999999999971,756,LSTM
756,8.356999999999971,757,LSTM
757,8.450999999999969,758,LSTM
758,8.45099999999997,759,LSTM
759,8.54499999999997,760,LSTM
760,8.638999999999971,761,LSTM
761,8.638999999999971,762,LSTM
762,8.638999999999971,763,LSTM
763,8.638999999999971,764,LSTM
764,8.638999999999971,765,LSTM
765,8.638999999999971,766,LSTM
766,8.638999999999973,767,LSTM
767,8.638999999999973,768,LSTM
768,8.635999999999973,769,LSTM
769,8.635999999999974,770,LSTM
770,8.635999999999974,771,LSTM
771,8.635999999999974,772,LSTM
772,8.635999999999974,773,LSTM
773,8.635999999999974,774,LSTM
774,8.635999999999974,775,LSTM
775,8.635999999999976,776,LSTM
776,8.635999999999976,777,LSTM
777,8.635999999999978,778,LSTM
778,8.635999999999978,779,LSTM
779,8.635999999999978,780,LSTM
780,8.634999999999977,781,LSTM
781,8.634999999999977,782,LSTM
782,8.63499999999998,783,LSTM
783,8.63499999999998,784,LSTM
784,8.63499999999998,785,LSTM
785,8.63499999999998,786,LSTM
786,8.634999999999982,787,LSTM
787,8.635999999999981,788,LSTM
788,8.635999999999981,789,LSTM
789,8.635999999999981,790,LSTM
790,8.635999999999981,791,LSTM
791,8.635999999999981,792,LSTM
792,8.635999999999981,793,LSTM
793,8.635999999999981,794,LSTM
794,8.635999999999981,795,LSTM
795,8.635999999999985,796,LSTM
796,8.635999999999985,797,LSTM
797,8.634999999999987,798,LSTM
798,8.634999999999987,799,LSTM
799,8.634999999999987,800,LSTM
800,8.634999999999987,801,LSTM
801,8.634999999999987,802,LSTM
802,8.634999999999987,803,LSTM
803,8.634999999999987,804,LSTM
804,8.634999999999991,805,LSTM
805,8.634999999999991,806,LSTM
806,8.634999999999991,807,LSTM
807,8.632999999999987,808,LSTM
808,8.631999999999987,809,LSTM
809,8.630999999999986,810,LSTM
810,8.629999999999987,811,LSTM
811,8.628999999999989,812,LSTM
812,8.628999999999989,813,LSTM
813,8.627999999999991,814,LSTM
814,8.72199999999999,815,LSTM
815,8.81599999999999,816,LSTM
816,8.909999999999991,817,LSTM
817,9.003999999999992,818,LSTM
818,9.003999999999992,819,LSTM
819,9.003999999999992,820,LSTM
820,9.003999999999992,821,LSTM
821,9.004999999999994,822,LSTM
822,9.004999999999994,823,LSTM
823,9.005999999999991,824,LSTM
824,9.00699999999999,825,LSTM
825,9.006999999999994,826,LSTM
826,9.006999999999994,827,LSTM
827,9.006999999999994,828,LSTM
828,9.007999999999994,829,LSTM
829,9.007999999999996,830,LSTM
830,9.007999999999996,831,LSTM
831,9.007999999999996,832,LSTM
832,9.007999999999996,833,LSTM
833,9.007999999999996,834,LSTM
834,9.007999999999996,835,LSTM
835,9.007999999999996,836,LSTM
836,9.008,837,LSTM
837,9.008,838,LSTM
838,9.008,839,LSTM
839,9.008,840,LSTM
840,9.008,841,LSTM
841,9.008000000000004,842,LSTM
842,9.008000000000004,843,LSTM
843,9.008000000000004,844,LSTM
844,9.008000000000004,845,LSTM
845,9.008000000000004,846,LSTM
846,9.008000000000004,847,LSTM
847,9.008000000000004,848,LSTM
848,9.008000000000004,849,LSTM
849,9.009000000000006,850,LSTM
850,9.010000000000003,851,LSTM
851,9.010000000000003,852,LSTM
852,9.077000000000004,853,LSTM
853,9.077000000000004,854,LSTM
854,9.077000000000004,855,LSTM
855,9.077000000000009,856,LSTM
856,9.077000000000009,857,LSTM
857,9.077000000000009,858,LSTM
858,9.077000000000009,859,LSTM
859,9.077000000000009,860,LSTM
860,9.077000000000009,861,LSTM
861,8.98300000000001,862,LSTM
862,8.88900000000001,863,LSTM
863,8.88900000000001,864,LSTM
864,8.795000000000009,865,LSTM
865,8.701000000000011,866,LSTM
866,8.60700000000001,867,LSTM
867,8.608000000000011,868,LSTM
868,8.609000000000009,869,LSTM
869,8.609000000000009,870,LSTM
870,8.609000000000009,871,LSTM
871,8.609000000000009,872,LSTM
872,8.609000000000009,873,LSTM
873,8.609000000000009,874,LSTM
874,8.609000000000009,875,LSTM
875,8.609000000000009,876,LSTM
876,8.609000000000009,877,LSTM
877,8.609000000000009,878,LSTM
878,8.609000000000009,879,LSTM
879,8.610000000000014,880,LSTM
880,8.610000000000014,881,LSTM
881,8.610000000000014,882,LSTM
882,8.610000000000014,883,LSTM
883,8.610000000000014,884,LSTM
884,8.610000000000014,885,LSTM
885,8.610000000000014,886,LSTM
886,8.610000000000014,887,LSTM
887,8.610000000000014,888,LSTM
888,8.610000000000014,889,LSTM
889,8.610000000000014,890,LSTM
890,8.610000000000014,891,LSTM
891,8.516000000000009,892,LSTM
892,8.516000000000009,893,LSTM
893,8.516000000000009,894,LSTM
894,8.516000000000009,895,LSTM
895,8.516000000000009,896,LSTM
896,8.516000000000009,897,LSTM
897,8.516000000000009,898,LSTM
898,8.516000000000009,899,LSTM
899,8.516000000000009,900,LSTM
900,8.516000000000009,901,LSTM
901,8.516000000000009,902,LSTM
902,8.516000000000009,903,LSTM
903,8.516000000000009,904,LSTM
904,8.516000000000009,905,LSTM
905,8.516000000000009,906,LSTM
906,8.515000000000011,907,LSTM
907,8.51500000000001,908,LSTM
908,8.51500000000001,909,LSTM
909,8.51500000000001,910,LSTM
910,8.51500000000001,911,LSTM
911,8.515000000000008,912,LSTM
912,8.515000000000008,913,LSTM
913,8.515000000000008,914,LSTM
914,8.515000000000008,915,LSTM
915,8.515000000000006,916,LSTM
916,8.515000000000004,917,LSTM
917,8.515000000000004,918,LSTM
918,8.515000000000004,919,LSTM
919,8.515000000000004,920,LSTM
920,8.515000000000002,921,LSTM
921,8.515000000000002,922,LSTM
922,8.515000000000002,923,LSTM
923,8.515,924,LSTM
924,8.515,925,LSTM
925,8.515,926,LSTM
926,8.515999999999998,927,LSTM
927,8.517000000000001,928,LSTM
928,8.517999999999999,929,LSTM
929,8.517999999999999,930,LSTM
930,8.518999999999998,931,LSTM
931,8.518999999999998,932,LSTM
932,8.518999999999998,933,LSTM
933,8.518999999999998,934,LSTM
934,8.518999999999998,935,LSTM
935,8.518999999999995,936,LSTM
936,8.518999999999995,937,LSTM
937,8.518999999999995,938,LSTM
938,8.518999999999995,939,LSTM
939,8.518999999999991,940,LSTM
940,8.518999999999991,941,LSTM
941,8.519999999999992,942,LSTM
942,8.51999999999999,943,LSTM
943,8.51999999999999,944,LSTM
944,8.51999999999999,945,LSTM
945,8.519999999999989,946,LSTM
946,8.518999999999991,947,LSTM
947,8.518999999999991,948,LSTM
948,8.518999999999991,949,LSTM
949,8.518999999999988,950,LSTM
950,8.518999999999988,951,LSTM
951,8.519999999999987,952,LSTM
952,8.519999999999987,953,LSTM
953,8.519999999999987,954,LSTM
954,8.519999999999987,955,LSTM
955,8.519999999999985,956,LSTM
956,8.519999999999985,957,LSTM
957,8.519999999999985,958,LSTM
958,8.519999999999984,959,LSTM
959,8.519999999999984,960,LSTM
960,8.519999999999984,961,LSTM
961,8.519999999999984,962,LSTM
962,8.519999999999984,963,LSTM
963,8.519999999999982,964,LSTM
964,8.519999999999982,965,LSTM
965,8.519999999999982,966,LSTM
966,8.519999999999982,967,LSTM
967,8.519999999999982,968,LSTM
968,8.52299999999998,969,LSTM
969,8.522999999999977,970,LSTM
970,8.522999999999977,971,LSTM
971,8.522999999999977,972,LSTM
972,8.522999999999977,973,LSTM
973,8.522999999999977,974,LSTM
974,8.522999999999977,975,LSTM
975,8.522999999999977,976,LSTM
976,8.522999999999977,977,LSTM
977,8.522999999999975,978,LSTM
978,8.522999999999975,979,LSTM
979,8.522999999999975,980,LSTM
980,8.523999999999974,981,LSTM
981,8.523999999999974,982,LSTM
982,8.523999999999974,983,LSTM
983,8.523999999999974,984,LSTM
984,8.523999999999972,985,LSTM
985,8.523999999999972,986,LSTM
986,8.52399999999997,987,LSTM
987,8.52399999999997,988,LSTM
988,8.52399999999997,989,LSTM
989,8.52399999999997,990,LSTM
990,8.52399999999997,991,LSTM
991,8.52399999999997,992,LSTM
992,8.523999999999969,993,LSTM
993,8.523999999999969,994,LSTM
994,8.523999999999969,995,LSTM
995,8.523999999999967,996,LSTM
996,8.523999999999967,997,LSTM
997,8.524999999999968,998,LSTM
998,8.524999999999968,999,LSTM
999,8.524999999999968,1000,LSTM
1000,8.524999999999968,1001,LSTM
1001,8.524999999999968,1002,LSTM
1002,8.524999999999965,1003,LSTM
1003,8.524999999999965,1004,LSTM
1004,8.524999999999963,1005,LSTM
1005,8.524999999999963,1006,LSTM
1006,8.524999999999963,1007,LSTM
1007,8.527999999999963,1008,LSTM
1008,8.529999999999964,1009,LSTM
1009,8.530999999999963,1010,LSTM
1010,8.531999999999961,1011,LSTM
1011,8.532999999999959,1012,LSTM
1012,8.532999999999959,1013,LSTM
1013,8.53399999999996,1014,LSTM
1014,8.53399999999996,1015,LSTM
1015,8.53399999999996,1016,LSTM
1016,8.533999999999956,1017,LSTM
1017,8.533999999999956,1018,LSTM
1018,8.533999999999956,1019,LSTM
1019,8.533999999999956,1020,LSTM
1020,8.533999999999956,1021,LSTM
1021,8.533999999999956,1022,LSTM
1022,8.533999999999956,1023,LSTM
1023,8.533999999999956,1024,LSTM
1024,8.533999999999955,1025,LSTM
1025,8.533999999999953,1026,LSTM
1026,8.533999999999953,1027,LSTM
1027,8.533999999999953,1028,LSTM
1028,8.533999999999953,1029,LSTM
1029,8.533999999999951,1030,LSTM
1030,8.533999999999951,1031,LSTM
1031,8.533999999999951,1032,LSTM
1032,8.53399999999995,1033,LSTM
1033,8.53399999999995,1034,LSTM
1034,8.53399999999995,1035,LSTM
1035,8.53399999999995,1036,LSTM
1036,8.533999999999947,1037,LSTM
1037,8.533999999999946,1038,LSTM
1038,8.533999999999946,1039,LSTM
1039,8.533999999999946,1040,LSTM
1040,8.533999999999946,1041,LSTM
1041,8.533999999999942,1042,LSTM
1042,8.533999999999942,1043,LSTM
1043,8.533999999999942,1044,LSTM
1044,8.533999999999942,1045,LSTM
1045,8.533999999999942,1046,LSTM
1046,8.533999999999942,1047,LSTM
1047,8.533999999999942,1048,LSTM
1048,8.53399999999994,1049,LSTM
1049,8.53399999999994,1050,LSTM
1050,8.53399999999994,1051,LSTM
1051,8.53399999999994,1052,LSTM
1052,8.533999999999939,1053,LSTM
1053,8.533999999999939,1054,LSTM
1054,8.533999999999939,1055,LSTM
1055,8.527999999999938,1056,LSTM
1056,8.526999999999939,1057,LSTM
1057,8.526999999999939,1058,LSTM
1058,8.525999999999938,1059,LSTM
1059,8.525999999999938,1060,LSTM
1060,8.525999999999938,1061,LSTM
1061,8.619999999999939,1062,LSTM
1062,8.713999999999936,1063,LSTM
1063,8.713999999999935,1064,LSTM
1064,8.807999999999936,1065,LSTM
1065,8.901999999999935,1066,LSTM
1066,8.995999999999936,1067,LSTM
1067,8.995999999999936,1068,LSTM
1068,8.995999999999931,1069,LSTM
1069,8.995999999999931,1070,LSTM
1070,8.995999999999931,1071,LSTM
1071,8.995999999999931,1072,LSTM
1072,8.995999999999931,1073,LSTM
1073,8.995999999999931,1074,LSTM
1074,8.995999999999931,1075,LSTM
1075,8.99599999999993,1076,LSTM
1076,8.99599999999993,1077,LSTM
1077,8.99599999999993,1078,LSTM
1078,8.99599999999993,1079,LSTM
1079,8.995999999999928,1080,LSTM
1080,8.995999999999926,1081,LSTM
1081,8.995999999999926,1082,LSTM
1082,8.995999999999926,1083,LSTM
1083,8.995999999999926,1084,LSTM
1084,8.993999999999922,1085,LSTM
1085,8.993999999999922,1086,LSTM
1086,8.993999999999922,1087,LSTM
1087,8.993999999999922,1088,LSTM
1088,8.993999999999922,1089,LSTM
1089,8.993999999999922,1090,LSTM
1090,8.993999999999922,1091,LSTM
1091,9.08799999999992,1092,LSTM
1092,9.08799999999992,1093,LSTM
1093,9.08799999999992,1094,LSTM
1094,9.08799999999992,1095,LSTM
1095,9.087999999999916,1096,LSTM
1096,9.087999999999916,1097,LSTM
1097,9.087999999999916,1098,LSTM
1098,9.087999999999916,1099,LSTM
1099,9.087999999999916,1100,LSTM
1100,9.087999999999916,1101,LSTM
1101,9.087999999999916,1102,LSTM
1102,9.087999999999914,1103,LSTM
1103,8.993999999999915,1104,LSTM
1104,8.899999999999913,1105,LSTM
1105,8.805999999999917,1106,LSTM
1106,8.712999999999917,1107,LSTM
1107,8.61899999999992,1108,LSTM
1108,8.61899999999992,1109,LSTM
1109,8.61899999999992,1110,LSTM
1110,8.61899999999992,1111,LSTM
1111,8.61899999999992,1112,LSTM
1112,8.61899999999992,1113,LSTM
1113,8.61899999999992,1114,LSTM
1114,8.61899999999992,1115,LSTM
1115,8.61899999999992,1116,LSTM
1116,8.61899999999992,1117,LSTM
1117,8.61899999999992,1118,LSTM
1118,8.61899999999992,1119,LSTM
1119,8.61899999999992,1120,LSTM
1120,8.61899999999992,1121,LSTM
1121,8.61899999999992,1122,LSTM
1122,8.61899999999992,1123,LSTM
1123,8.61899999999992,1124,LSTM
1124,8.61899999999992,1125,LSTM
1125,8.61899999999992,1126,LSTM
1126,8.61899999999992,1127,LSTM
1127,8.61799999999992,1128,LSTM
1128,8.616999999999921,1129,LSTM
1129,8.61499999999992,1130,LSTM
1130,8.61499999999992,1131,LSTM
1131,8.61499999999992,1132,LSTM
1132,8.520999999999923,1133,LSTM
1133,8.426999999999923,1134,LSTM
1134,8.332999999999924,1135,LSTM
1135,8.238999999999926,1136,LSTM
1136,8.144999999999927,1137,LSTM
1137,8.050999999999929,1138,LSTM
1138,8.050999999999929,1139,LSTM
1139,8.050999999999929,1140,LSTM
1140,8.050999999999929,1141,LSTM
1141,8.050999999999929,1142,LSTM
1142,8.050999999999929,1143,LSTM
1143,8.050999999999929,1144,LSTM
1144,8.04999999999993,1145,LSTM
1145,8.04999999999993,1146,LSTM
1146,8.050999999999929,1147,LSTM
1147,8.050999999999929,1148,LSTM
1148,8.050999999999929,1149,LSTM
1149,8.050999999999929,1150,LSTM
1150,7.95699999999993,1151,LSTM
1151,7.95699999999993,1152,LSTM
1152,7.95699999999993,1153,LSTM
1153,7.95699999999993,1154,LSTM
1154,7.95699999999993,1155,LSTM
1155,7.95699999999993,1156,LSTM
1156,7.955999999999932,1157,LSTM
1157,7.955999999999932,1158,LSTM
1158,7.955999999999932,1159,LSTM
1159,7.955999999999932,1160,LSTM
1160,7.955999999999932,1161,LSTM
1161,7.955999999999932,1162,LSTM
1162,7.955999999999932,1163,LSTM
1163,7.861999999999932,1164,LSTM
1164,7.767999999999932,1165,LSTM
1165,7.767999999999932,1166,LSTM
1166,7.767999999999932,1167,LSTM
1167,7.767999999999932,1168,LSTM
1168,7.767999999999932,1169,LSTM
1169,7.767999999999932,1170,LSTM
1170,7.767999999999932,1171,LSTM
1171,7.767999999999932,1172,LSTM
1172,7.767999999999932,1173,LSTM
1173,7.767999999999932,1174,LSTM
1174,7.767999999999932,1175,LSTM
1175,7.767999999999932,1176,LSTM
1176,7.767999999999932,1177,LSTM
1177,7.767999999999932,1178,LSTM
1178,7.767999999999932,1179,LSTM
1179,7.767999999999932,1180,LSTM
1180,7.767999999999932,1181,LSTM
1181,7.767999999999932,1182,LSTM
1182,7.767999999999932,1183,LSTM
1183,7.767999999999932,1184,LSTM
1184,7.767999999999932,1185,LSTM
1185,7.766999999999935,1186,LSTM
1186,7.766999999999935,1187,LSTM
1187,7.766999999999935,1188,LSTM
1188,7.766999999999935,1189,LSTM
1189,7.766999999999935,1190,LSTM
1190,7.766999999999935,1191,LSTM
1191,7.766999999999935,1192,LSTM
1192,7.766999999999935,1193,LSTM
1193,7.766999999999935,1194,LSTM
1194,7.766999999999935,1195,LSTM
1195,7.766999999999935,1196,LSTM
1196,7.766999999999935,1197,LSTM
1197,7.766999999999935,1198,LSTM
1198,7.765999999999934,1199,LSTM
1199,7.764999999999938,1200,LSTM
1200,7.763999999999938,1201,LSTM
1201,7.763999999999938,1202,LSTM
1202,7.763999999999938,1203,LSTM
1203,7.763999999999938,1204,LSTM
1204,7.763999999999938,1205,LSTM
1205,7.763999999999938,1206,LSTM
1206,7.763999999999938,1207,LSTM
1207,7.763999999999938,1208,LSTM
1208,7.763999999999938,1209,LSTM
1209,7.763999999999938,1210,LSTM
1210,7.763999999999938,1211,LSTM
1211,7.763999999999938,1212,LSTM
1212,7.763999999999938,1213,LSTM
1213,7.763999999999938,1214,LSTM
1214,7.763999999999938,1215,LSTM
1215,7.763999999999938,1216,LSTM
1216,7.763999999999938,1217,LSTM
1217,7.763999999999938,1218,LSTM
1218,7.763999999999938,1219,LSTM
1219,7.763999999999938,1220,LSTM
1220,7.763999999999938,1221,LSTM
1221,7.763999999999938,1222,LSTM
1222,7.763999999999938,1223,LSTM
1223,7.763999999999938,1224,LSTM
1224,7.763999999999938,1225,LSTM
1225,7.763999999999938,1226,LSTM
1226,7.763999999999938,1227,LSTM
1227,7.763999999999938,1228,LSTM
1228,7.763999999999938,1229,LSTM
1229,7.763999999999938,1230,LSTM
1230,7.763999999999938,1231,LSTM
1231,7.762999999999938,1232,LSTM
1232,7.761999999999938,1233,LSTM
1233,7.759999999999938,1234,LSTM
1234,7.759999999999938,1235,LSTM
1235,7.759999999999938,1236,LSTM
1236,7.759999999999938,1237,LSTM
1237,7.759999999999938,1238,LSTM
1238,7.759999999999938,1239,LSTM
1239,7.759999999999938,1240,LSTM
1240,7.759999999999938,1241,LSTM
1241,7.759999999999938,1242,LSTM
1242,7.759999999999938,1243,LSTM
1243,7.759999999999938,1244,LSTM
1244,7.759999999999938,1245,LSTM
1245,7.759999999999938,1246,LSTM
1246,7.759999999999938,1247,LSTM
1247,7.759999999999938,1248,LSTM
1248,7.759999999999938,1249,LSTM
1249,7.759999999999938,1250,LSTM
1250,7.759999999999938,1251,LSTM
1251,7.759999999999938,1252,LSTM
1252,7.759999999999938,1253,LSTM
1253,7.759999999999938,1254,LSTM
1254,7.759999999999938,1255,LSTM
1255,7.765999999999938,1256,LSTM
1256,7.766999999999936,1257,LSTM
1257,7.766999999999936,1258,LSTM
1258,7.767999999999937,1259,LSTM
1259,7.767999999999937,1260,LSTM
1260,7.767999999999937,1261,LSTM
1261,7.767999999999937,1262,LSTM
1262,7.767999999999937,1263,LSTM
1263,7.767999999999937,1264,LSTM
1264,7.767999999999937,1265,LSTM
1265,7.767999999999937,1266,LSTM
1266,7.767999999999937,1267,LSTM
1267,7.767999999999937,1268,LSTM
1268,7.767999999999937,1269,LSTM
1269,7.767999999999937,1270,LSTM
1270,7.767999999999937,1271,LSTM
1271,7.767999999999938,1272,LSTM
1272,7.76799999999994,1273,LSTM
1273,7.767999999999943,1274,LSTM
1274,7.767999999999945,1275,LSTM
1275,7.767999999999947,1276,LSTM
1276,7.767999999999949,1277,LSTM
1277,7.767999999999953,1278,LSTM
1278,7.767999999999954,1279,LSTM
1279,7.767999999999956,1280,LSTM
1280,7.76799999999996,1281,LSTM
1281,7.767999999999961,1282,LSTM
1282,7.767999999999963,1283,LSTM
1283,7.767999999999965,1284,LSTM
1284,7.769999999999968,1285,LSTM
1285,7.7689999999999655,1286,LSTM
1286,7.768999999999969,1287,LSTM
1287,7.768999999999973,1288,LSTM
1288,7.768999999999973,1289,LSTM
1289,7.768999999999976,1290,LSTM
1290,7.768999999999977,1291,LSTM
1291,7.768999999999981,1292,LSTM
1292,7.768999999999982,1293,LSTM
1293,7.768999999999986,1294,LSTM
1294,7.768999999999987,1295,LSTM
1295,7.768999999999989,1296,LSTM
1296,7.768999999999991,1297,LSTM
1297,7.768999999999994,1298,LSTM
1298,7.767999999999992,1299,LSTM
1299,7.765999999999992,1300,LSTM
1300,7.765999999999996,1301,LSTM
1301,7.7649999999999935,1302,LSTM
1302,7.764999999999995,1303,LSTM
1303,7.858999999999996,1304,LSTM
1304,7.952999999999998,1305,LSTM
1305,8.046999999999999,1306,LSTM
1306,8.140999999999998,1307,LSTM
1307,8.235,1308,LSTM
1308,8.235000000000003,1309,LSTM
1309,8.235000000000005,1310,LSTM
1310,8.235000000000008,1311,LSTM
1311,8.235000000000008,1312,LSTM
1312,8.234000000000009,1313,LSTM
1313,8.234000000000009,1314,LSTM
1314,8.234000000000012,1315,LSTM
1315,8.234000000000012,1316,LSTM
1316,8.234000000000016,1317,LSTM
1317,8.23400000000002,1318,LSTM
1318,8.234000000000021,1319,LSTM
1319,8.234000000000023,1320,LSTM
1320,8.234000000000027,1321,LSTM
1321,8.234000000000027,1322,LSTM
1322,8.23400000000003,1323,LSTM
1323,8.234000000000032,1324,LSTM
1324,8.234000000000036,1325,LSTM
1325,8.234000000000037,1326,LSTM
1326,8.234000000000039,1327,LSTM
1327,8.23500000000004,1328,LSTM
1328,8.236000000000043,1329,LSTM
1329,8.238000000000046,1330,LSTM
1330,8.238000000000048,1331,LSTM
1331,8.23800000000005,1332,LSTM
1332,8.33200000000005,1333,LSTM
1333,8.426000000000052,1334,LSTM
1334,8.520000000000053,1335,LSTM
1335,8.614000000000054,1336,LSTM
1336,8.708000000000052,1337,LSTM
1337,8.802000000000055,1338,LSTM
1338,8.802000000000056,1339,LSTM
1339,8.80200000000006,1340,LSTM
1340,8.802000000000062,1341,LSTM
1341,8.802000000000064,1342,LSTM
1342,8.802000000000067,1343,LSTM
1343,8.802000000000067,1344,LSTM
1344,8.80300000000007,1345,LSTM
1345,8.803000000000072,1346,LSTM
1346,8.803000000000074,1347,LSTM
1347,8.803000000000079,1348,LSTM
1348,8.803000000000079,1349,LSTM
1349,8.80200000000008,1350,LSTM
1350,8.896000000000079,1351,LSTM
1351,8.89600000000008,1352,LSTM
1352,8.896000000000083,1353,LSTM
1353,8.896000000000086,1354,LSTM
1354,8.896000000000088,1355,LSTM
1355,8.89600000000009,1356,LSTM
1356,8.897000000000089,1357,LSTM
1357,8.897000000000094,1358,LSTM
1358,8.897000000000096,1359,LSTM
1359,8.897000000000098,1360,LSTM
1360,8.8970000000001,1361,LSTM
1361,8.897000000000101,1362,LSTM
1362,8.897000000000105,1363,LSTM
1363,8.991000000000104,1364,LSTM
1364,9.085000000000107,1365,LSTM
1365,9.08500000000011,1366,LSTM
1366,9.084000000000108,1367,LSTM
1367,9.08400000000011,1368,LSTM
1368,9.084000000000113,1369,LSTM
1369,9.084000000000117,1370,LSTM
1370,9.084000000000117,1371,LSTM
1371,9.084000000000119,1372,LSTM
1372,9.084000000000122,1373,LSTM
1373,9.084000000000122,1374,LSTM
1374,9.084000000000126,1375,LSTM
1375,9.084000000000126,1376,LSTM
1376,9.084000000000133,1377,LSTM
1377,9.084000000000133,1378,LSTM
1378,9.084000000000136,1379,LSTM
1379,9.084000000000136,1380,LSTM
1380,9.08400000000014,1381,LSTM
1381,9.084000000000144,1382,LSTM
1382,9.084000000000144,1383,LSTM
1383,9.084000000000149,1384,LSTM
1384,9.084000000000149,1385,LSTM
1385,9.08500000000015,1386,LSTM
1386,9.085000000000152,1387,LSTM
1387,9.085000000000155,1388,LSTM
1388,9.084000000000152,1389,LSTM
1389,9.084000000000156,1390,LSTM
1390,9.084000000000158,1391,LSTM
1391,9.083000000000157,1392,LSTM
1392,9.083000000000158,1393,LSTM
1393,9.082000000000155,1394,LSTM
1394,8.990000000000158,1395,LSTM
1395,8.990000000000158,1396,LSTM
1396,8.990000000000162,1397,LSTM
1397,8.89400000000016,1398,LSTM
1398,8.80100000000016,1399,LSTM
1399,8.708000000000162,1400,LSTM
1400,8.615000000000162,1401,LSTM
1401,8.521000000000162,1402,LSTM
1402,8.521000000000164,1403,LSTM
1403,8.521000000000168,1404,LSTM
1404,8.521000000000171,1405,LSTM
1405,8.521000000000171,1406,LSTM
1406,8.521000000000175,1407,LSTM
1407,8.521000000000178,1408,LSTM
1408,8.521000000000178,1409,LSTM
1409,8.52100000000018,1410,LSTM
1410,8.521000000000184,1411,LSTM
1411,8.521000000000186,1412,LSTM
1412,8.521000000000187,1413,LSTM
1413,8.52100000000019,1414,LSTM
1414,8.521000000000193,1415,LSTM
1415,8.521000000000193,1416,LSTM
1416,8.521000000000196,1417,LSTM
1417,8.427000000000199,1418,LSTM
1418,8.4270000000002,1419,LSTM
1419,8.427000000000202,1420,LSTM
1420,8.331000000000202,1421,LSTM
1421,8.331000000000204,1422,LSTM
1422,8.325000000000202,1423,LSTM
1423,8.325000000000205,1424,LSTM
1424,8.325000000000207,1425,LSTM
1425,8.325000000000209,1426,LSTM
1426,8.32500000000021,1427,LSTM
1427,8.325000000000214,1428,LSTM
1428,8.325000000000216,1429,LSTM
1429,8.325000000000218,1430,LSTM
1430,8.325000000000221,1431,LSTM
1431,8.326000000000223,1432,LSTM
1432,8.327000000000224,1433,LSTM
1433,8.329000000000226,1434,LSTM
1434,8.329000000000228,1435,LSTM
1435,8.328000000000229,1436,LSTM
1436,8.328000000000229,1437,LSTM
1437,8.328000000000232,1438,LSTM
1438,8.328000000000234,1439,LSTM
1439,8.328000000000236,1440,LSTM
1440,8.328000000000237,1441,LSTM
1441,8.328000000000241,1442,LSTM
1442,8.328000000000243,1443,LSTM
1443,8.328000000000246,1444,LSTM
1444,8.328000000000246,1445,LSTM
1445,8.32800000000025,1446,LSTM
1446,8.328000000000253,1447,LSTM
1447,8.328000000000253,1448,LSTM
1448,8.328000000000257,1449,LSTM
1449,8.328000000000259,1450,LSTM
1450,8.234500000000258,1451,LSTM
1451,8.23450000000026,1452,LSTM
1452,8.234500000000262,1453,LSTM
1453,8.234500000000262,1454,LSTM
1454,8.234500000000267,1455,LSTM
1455,8.154000000000266,1456,LSTM
1456,8.15400000000027,1457,LSTM
1457,8.154000000000273,1458,LSTM
1458,8.154000000000273,1459,LSTM
1459,8.154000000000275,1460,LSTM
1460,8.154000000000277,1461,LSTM
1461,8.15400000000028,1462,LSTM
1462,8.15300000000028,1463,LSTM
1463,8.153000000000281,1464,LSTM
1464,8.153000000000283,1465,LSTM
1465,8.153000000000286,1466,LSTM
1466,8.153000000000286,1467,LSTM
1467,8.15300000000029,1468,LSTM
1468,8.15100000000029,1469,LSTM
1469,8.151000000000293,1470,LSTM
1470,8.151000000000295,1471,LSTM
1471,8.151000000000295,1472,LSTM
1472,8.151000000000295,1473,LSTM
1473,8.151000000000295,1474,LSTM
1474,8.151000000000295,1475,LSTM
1475,8.151000000000295,1476,LSTM
1476,8.151000000000295,1477,LSTM
1477,8.151000000000295,1478,LSTM
1478,8.151000000000295,1479,LSTM
1479,8.151000000000295,1480,LSTM
1480,8.151000000000295,1481,LSTM
1481,8.151000000000295,1482,LSTM
1482,8.151000000000295,1483,LSTM
1483,8.151000000000295,1484,LSTM
1484,8.151000000000295,1485,LSTM
1485,8.152000000000298,1486,LSTM
1486,8.152000000000298,1487,LSTM
1487,8.152000000000298,1488,LSTM
1488,8.152000000000298,1489,LSTM
1489,8.152000000000298,1490,LSTM
1490,8.152000000000298,1491,LSTM
1491,8.152000000000298,1492,LSTM
1492,8.152000000000298,1493,LSTM
1493,8.152000000000298,1494,LSTM
1494,8.152000000000298,1495,LSTM
1495,8.152000000000298,1496,LSTM
1496,8.152000000000298,1497,LSTM
1497,8.152000000000298,1498,LSTM
1498,8.153000000000302,1499,LSTM
1499,8.155000000000305,1500,LSTM
1500,8.155000000000305,1501,LSTM
1501,8.156000000000308,1502,LSTM
1502,8.156000000000308,1503,LSTM
1503,8.156000000000308,1504,LSTM
1504,8.156000000000308,1505,LSTM
1505,8.156000000000308,1506,LSTM
1506,8.156000000000308,1507,LSTM
1507,8.156000000000308,1508,LSTM
1508,8.156000000000308,1509,LSTM
1509,8.156000000000308,1510,LSTM
1510,8.156000000000308,1511,LSTM
1511,8.156000000000308,1512,LSTM
1512,8.157000000000313,1513,LSTM
1513,8.157000000000313,1514,LSTM
1514,8.157000000000313,1515,LSTM
1515,8.157000000000313,1516,LSTM
1516,8.157000000000313,1517,LSTM
1517,8.157000000000313,1518,LSTM
1518,8.157000000000313,1519,LSTM
1519,8.157000000000313,1520,LSTM
1520,8.157000000000313,1521,LSTM
1521,8.157000000000313,1522,LSTM
1522,8.157000000000313,1523,LSTM
1523,8.157000000000313,1524,LSTM
1524,8.157000000000313,1525,LSTM
1525,8.157000000000313,1526,LSTM
1526,8.157000000000313,1527,LSTM
1527,8.157000000000313,1528,LSTM
1528,8.157000000000313,1529,LSTM
1529,8.157000000000313,1530,LSTM
1530,8.157000000000313,1531,LSTM
1531,8.157000000000313,1532,LSTM
1532,8.157000000000313,1533,LSTM
1533,8.157000000000313,1534,LSTM
1534,8.157000000000313,1535,LSTM
1535,8.157000000000313,1536,LSTM
1536,8.157000000000313,1537,LSTM
1537,8.157000000000313,1538,LSTM
1538,8.157000000000313,1539,LSTM
1539,8.157000000000313,1540,LSTM
1540,8.157000000000313,1541,LSTM
1541,8.157000000000313,1542,LSTM
1542,8.157000000000313,1543,LSTM
1543,8.157000000000313,1544,LSTM
1544,8.157000000000313,1545,LSTM
1545,8.157000000000313,1546,LSTM
1546,8.157000000000313,1547,LSTM
1547,8.157000000000313,1548,LSTM
1548,8.157000000000313,1549,LSTM
1549,8.158000000000316,1550,LSTM
1550,8.158000000000316,1551,LSTM
1551,8.158000000000316,1552,LSTM
1552,8.158000000000316,1553,LSTM
1553,8.158000000000316,1554,LSTM
1554,8.158000000000316,1555,LSTM
1555,8.158000000000316,1556,LSTM
1556,8.158000000000316,1557,LSTM
1557,8.158000000000316,1558,LSTM
1558,8.158000000000316,1559,LSTM
1559,8.158000000000316,1560,LSTM
1560,8.158000000000316,1561,LSTM
1561,8.158000000000316,1562,LSTM
1562,8.158000000000316,1563,LSTM
1563,8.158000000000316,1564,LSTM
1564,8.158000000000316,1565,LSTM
1565,8.158000000000316,1566,LSTM
1566,8.159000000000319,1567,LSTM
1567,8.159000000000319,1568,LSTM
1568,8.159000000000319,1569,LSTM
1569,-15.454499999999989,1,LSTM
1570,-15.44399999999999,2,LSTM
1571,-15.444999999999988,3,LSTM
1572,-15.49999999999999,4,LSTM
1573,-15.480499999999989,5,LSTM
1574,-15.505499999999989,6,LSTM
1575,-15.501499999999988,7,LSTM
1576,-15.480999999999987,8,LSTM
1577,-15.46499999999999,9,LSTM
1578,-15.35949999999999,10,LSTM
1579,-15.344999999999988,11,LSTM
1580,-15.345999999999988,12,LSTM
1581,-15.364499999999989,13,LSTM
1582,-15.340499999999988,14,LSTM
1583,-15.352499999999988,15,LSTM
1584,-15.338499999999987,16,LSTM
1585,-15.324499999999986,17,LSTM
1586,-15.278999999999987,18,LSTM
1587,-15.26449999999999,19,LSTM
1588,-15.218999999999987,20,LSTM
1589,-15.203499999999988,21,LSTM
1590,-15.177499999999988,22,LSTM
1591,-15.192999999999989,23,LSTM
1592,-15.196999999999987,24,LSTM
1593,-15.169499999999989,25,LSTM
1594,-15.153499999999987,26,LSTM
1595,-15.093999999999987,27,LSTM
1596,-15.099499999999988,28,LSTM
1597,-15.077999999999989,29,LSTM
1598,-15.077499999999988,30,LSTM
1599,-15.057999999999987,31,LSTM
1600,-15.147499999999987,32,LSTM
1601,-15.126499999999988,33,LSTM
1602,-15.129499999999986,34,LSTM
1603,-15.093499999999985,35,LSTM
1604,-15.102499999999987,36,LSTM
1605,-15.071499999999988,37,LSTM
1606,-15.064999999999987,38,LSTM
1607,-15.037999999999986,39,LSTM
1608,-15.037499999999987,40,LSTM
1609,-15.201499999999985,41,LSTM
1610,-15.182499999999987,42,LSTM
1611,-16.386999999999986,43,LSTM
1612,-16.322999999999986,44,LSTM
1613,-16.294999999999987,45,LSTM
1614,-16.261999999999986,46,LSTM
1615,-16.246999999999986,47,LSTM
1616,-16.200499999999987,48,LSTM
1617,-16.19699999999999,49,LSTM
1618,-16.184499999999986,50,LSTM
1619,-16.183499999999988,51,LSTM
1620,-16.427499999999988,52,LSTM
1621,-16.40599999999999,53,LSTM
1622,-16.427499999999988,54,LSTM
1623,-16.39849999999999,55,LSTM
1624,-16.38399999999999,56,LSTM
1625,-16.37499999999999,57,LSTM
1626,-16.324999999999992,58,LSTM
1627,-16.29999999999999,59,LSTM
1628,-16.26099999999999,60,LSTM
1629,-16.19499999999999,61,LSTM
1630,-16.16749999999999,62,LSTM
1631,-16.14649999999999,63,LSTM
1632,-16.08999999999999,64,LSTM
1633,-16.08249999999999,65,LSTM
1634,-16.06949999999999,66,LSTM
1635,-16.00649999999999,67,LSTM
1636,-15.982999999999988,68,LSTM
1637,-15.971999999999989,69,LSTM
1638,-15.935499999999989,70,LSTM
1639,-15.922999999999988,71,LSTM
1640,-15.882999999999988,72,LSTM
1641,-15.844499999999988,73,LSTM
1642,-15.818499999999988,74,LSTM
1643,-15.802499999999986,75,LSTM
1644,-15.775999999999986,76,LSTM
1645,-15.737499999999986,77,LSTM
1646,-15.703999999999985,78,LSTM
1647,-15.704499999999985,79,LSTM
1648,-15.702499999999981,80,LSTM
1649,-15.681499999999982,81,LSTM
1650,-15.567999999999984,82,LSTM
1651,-15.575999999999983,83,LSTM
1652,-16.759499999999985,84,LSTM
1653,-16.961499999999987,85,LSTM
1654,-17.183999999999987,86,LSTM
1655,-17.245499999999986,87,LSTM
1656,-18.20149999999998,88,LSTM
1657,-18.231999999999985,89,LSTM
1658,-18.315999999999985,90,LSTM
1659,-18.357999999999983,91,LSTM
1660,-18.33299999999998,92,LSTM
1661,-18.259499999999978,93,LSTM
1662,-18.129499999999975,94,LSTM
1663,-18.059499999999975,95,LSTM
1664,-17.970499999999973,96,LSTM
1665,-17.93749999999998,97,LSTM
1666,-17.952499999999976,98,LSTM
1667,-17.90099999999997,99,LSTM
1668,-17.89049999999997,100,LSTM
1669,-17.872999999999976,101,LSTM
1670,-17.965499999999974,102,LSTM
1671,-17.959499999999977,103,LSTM
1672,-18.136499999999973,104,LSTM
1673,-18.176499999999972,105,LSTM
1674,-18.086499999999972,106,LSTM
1675,-17.81699999999997,107,LSTM
1676,-17.787499999999973,108,LSTM
1677,-17.837999999999973,109,LSTM
1678,-17.84599999999997,110,LSTM
1679,-17.766499999999972,111,LSTM
1680,-17.986499999999975,112,LSTM
1681,-18.074999999999974,113,LSTM
1682,-18.104999999999972,114,LSTM
1683,-17.98199999999997,115,LSTM
1684,-17.97599999999997,116,LSTM
1685,-17.980499999999974,117,LSTM
1686,-17.96099999999997,118,LSTM
1687,-17.935999999999975,119,LSTM
1688,-17.997999999999976,120,LSTM
1689,-18.007499999999975,121,LSTM
1690,-17.997499999999977,122,LSTM
1691,-17.957999999999977,123,LSTM
1692,-17.856499999999976,124,LSTM
1693,-17.867999999999974,125,LSTM
1694,-17.874499999999976,126,LSTM
1695,-17.87049999999998,127,LSTM
1696,-17.88049999999998,128,LSTM
1697,-18.07549999999998,129,LSTM
1698,-18.05549999999998,130,LSTM
1699,-18.04149999999998,131,LSTM
1700,-18.034499999999984,132,LSTM
1701,-17.97899999999998,133,LSTM
1702,-17.96849999999998,134,LSTM
1703,-18.128999999999984,135,LSTM
1704,-18.08299999999998,136,LSTM
1705,-18.22449999999998,137,LSTM
1706,-17.59549999999998,138,LSTM
1707,-17.56349999999998,139,LSTM
1708,-17.51199999999998,140,LSTM
1709,-17.599999999999977,141,LSTM
1710,-18.020499999999974,142,LSTM
1711,-18.040999999999976,143,LSTM
1712,-18.004999999999978,144,LSTM
1713,-17.850999999999978,145,LSTM
1714,-17.821499999999975,146,LSTM
1715,-17.710499999999975,147,LSTM
1716,-17.642499999999977,148,LSTM
1717,-17.627999999999975,149,LSTM
1718,-17.564999999999976,150,LSTM
1719,-17.22299999999997,151,LSTM
1720,-17.319499999999973,152,LSTM
1721,-17.426999999999975,153,LSTM
1722,-17.415999999999976,154,LSTM
1723,-17.37399999999997,155,LSTM
1724,-17.363499999999974,156,LSTM
1725,-17.414999999999974,157,LSTM
1726,-17.183999999999976,158,LSTM
1727,-17.17199999999998,159,LSTM
1728,-17.136499999999977,160,LSTM
1729,-17.133999999999975,161,LSTM
1730,-17.101999999999975,162,LSTM
1731,-17.116499999999977,163,LSTM
1732,-17.275999999999975,164,LSTM
1733,-17.342499999999976,165,LSTM
1734,-17.366999999999976,166,LSTM
1735,-17.558999999999973,167,LSTM
1736,-17.627999999999975,168,LSTM
1737,-17.752999999999975,169,LSTM
1738,-17.759999999999977,170,LSTM
1739,-17.766999999999978,171,LSTM
1740,-17.80199999999998,172,LSTM
1741,-17.71299999999998,173,LSTM
1742,-17.71599999999998,174,LSTM
1743,-17.745999999999984,175,LSTM
1744,-17.745999999999984,176,LSTM
1745,-17.744999999999987,177,LSTM
1746,-17.735999999999986,178,LSTM
1747,-17.825499999999987,179,LSTM
1748,-17.998999999999988,180,LSTM
1749,-17.72599999999999,181,LSTM
1750,-17.90999999999999,182,LSTM
1751,-17.908999999999992,183,LSTM
1752,-17.88799999999999,184,LSTM
1753,-17.159999999999993,185,LSTM
1754,-17.184499999999993,186,LSTM
1755,-17.131499999999996,187,LSTM
1756,-17.056499999999996,188,LSTM
1757,-16.802999999999997,189,LSTM
1758,-16.8275,190,LSTM
1759,-16.8425,191,LSTM
1760,-16.858000000000004,192,LSTM
1761,-16.783500000000007,193,LSTM
1762,-16.772500000000008,194,LSTM
1763,-16.69550000000001,195,LSTM
1764,-16.57950000000001,196,LSTM
1765,-16.576500000000014,197,LSTM
1766,-16.573500000000013,198,LSTM
1767,-16.570500000000017,199,LSTM
1768,-16.56750000000002,200,LSTM
1769,-16.552500000000023,201,LSTM
1770,-16.524500000000025,202,LSTM
1771,-16.51850000000002,203,LSTM
1772,-16.367000000000022,204,LSTM
1773,-16.38350000000002,205,LSTM
1774,-16.26750000000002,206,LSTM
1775,-16.279000000000018,207,LSTM
1776,-16.201500000000017,208,LSTM
1777,-16.129500000000018,209,LSTM
1778,-16.049000000000014,210,LSTM
1779,-16.065000000000012,211,LSTM
1780,-15.957500000000012,212,LSTM
1781,-15.883000000000008,213,LSTM
1782,-15.898500000000007,214,LSTM
1783,-15.891500000000008,215,LSTM
1784,-15.905000000000008,216,LSTM
1785,-15.923000000000009,217,LSTM
1786,-15.936500000000008,218,LSTM
1787,-15.955000000000009,219,LSTM
1788,-15.975500000000011,220,LSTM
1789,-15.994500000000011,221,LSTM
1790,-15.919000000000013,222,LSTM
1791,-15.816500000000012,223,LSTM
1792,-15.81250000000001,224,LSTM
1793,-15.82650000000001,225,LSTM
1794,-15.850000000000009,226,LSTM
1795,-15.859500000000008,227,LSTM
1796,-15.763500000000008,228,LSTM
1797,-15.773500000000007,229,LSTM
1798,-15.774000000000008,230,LSTM
1799,-15.791500000000008,231,LSTM
1800,-15.702000000000007,232,LSTM
1801,-15.714000000000006,233,LSTM
1802,-15.714000000000006,234,LSTM
1803,-15.640500000000007,235,LSTM
1804,-15.540500000000003,236,LSTM
1805,-15.447500000000005,237,LSTM
1806,-15.443000000000007,238,LSTM
1807,-15.441000000000008,239,LSTM
1808,-15.443000000000007,240,LSTM
1809,-15.184000000000005,241,LSTM
1810,-15.098000000000004,242,LSTM
1811,-13.893500000000003,243,LSTM
1812,-13.903500000000003,244,LSTM
1813,-13.914500000000006,245,LSTM
1814,-13.928500000000003,246,LSTM
1815,-13.850000000000001,247,LSTM
1816,-13.8575,248,LSTM
1817,-13.861999999999998,249,LSTM
1818,-13.851999999999999,250,LSTM
1819,-13.848499999999996,251,LSTM
1820,-13.511999999999995,252,LSTM
1821,-13.436499999999993,253,LSTM
1822,-13.357999999999995,254,LSTM
1823,-13.378999999999996,255,LSTM
1824,-13.397999999999994,256,LSTM
1825,-13.322999999999993,257,LSTM
1826,-13.24799999999999,258,LSTM
1827,-13.172499999999989,259,LSTM
1828,-13.096499999999986,260,LSTM
1829,-13.102499999999988,261,LSTM
1830,-13.119999999999989,262,LSTM
1831,-13.124999999999991,263,LSTM
1832,-13.127999999999991,264,LSTM
1833,-13.128999999999989,265,LSTM
1834,-13.05149999999999,266,LSTM
1835,-12.962499999999991,267,LSTM
1836,-12.881999999999989,268,LSTM
1837,-12.88499999999999,269,LSTM
1838,-12.807499999999987,270,LSTM
1839,-12.727999999999984,271,LSTM
1840,-12.742999999999984,272,LSTM
1841,-12.760499999999984,273,LSTM
1842,-12.778999999999982,274,LSTM
1843,-12.702499999999981,275,LSTM
1844,-12.719999999999981,276,LSTM
1845,-12.73649999999998,277,LSTM
1846,-12.74799999999998,278,LSTM
1847,-12.74199999999998,279,LSTM
1848,-12.74449999999998,280,LSTM
1849,-12.746499999999978,281,LSTM
1850,-12.747499999999977,282,LSTM
1851,-12.745999999999976,283,LSTM
1852,-11.543999999999974,284,LSTM
1853,-11.323999999999973,285,LSTM
1854,-11.01049999999997,286,LSTM
1855,-10.848999999999974,287,LSTM
1856,-9.892999999999974,288,LSTM
1857,-9.770999999999972,289,LSTM
1858,-9.695999999999971,290,LSTM
1859,-9.620499999999975,291,LSTM
1860,-9.639499999999975,292,LSTM
1861,-9.66049999999998,293,LSTM
1862,-9.67949999999998,294,LSTM
1863,-9.602499999999981,295,LSTM
1864,-9.57449999999998,296,LSTM
1865,-9.58799999999998,297,LSTM
1866,-9.477499999999981,298,LSTM
1867,-9.464999999999982,299,LSTM
1868,-9.395499999999984,300,LSTM
1869,-9.394999999999982,301,LSTM
1870,-9.211499999999978,302,LSTM
1871,-9.113999999999978,303,LSTM
1872,-8.813999999999979,304,LSTM
1873,-8.684999999999977,305,LSTM
1874,-8.60799999999998,306,LSTM
1875,-8.512999999999979,307,LSTM
1876,-8.407499999999978,308,LSTM
1877,-8.256999999999975,309,LSTM
1878,-8.145499999999975,310,LSTM
1879,-8.038499999999972,311,LSTM
1880,-7.737499999999968,312,LSTM
1881,-7.569999999999968,313,LSTM
1882,-7.448499999999972,314,LSTM
1883,-7.437499999999968,315,LSTM
1884,-7.340499999999966,316,LSTM
1885,-7.236999999999962,317,LSTM
1886,-7.114499999999961,318,LSTM
1887,-7.018499999999958,319,LSTM
1888,-6.856499999999955,320,LSTM
1889,-6.744999999999955,321,LSTM
1890,-6.761499999999951,322,LSTM
1891,-6.685999999999949,323,LSTM
1892,-6.704499999999948,324,LSTM
1893,-6.588999999999951,325,LSTM
1894,-6.481499999999951,326,LSTM
1895,-6.385499999999947,327,LSTM
1896,-6.294499999999943,328,LSTM
1897,-6.081999999999944,329,LSTM
1898,-5.991999999999944,330,LSTM
1899,-5.906999999999943,331,LSTM
1900,-5.81599999999994,332,LSTM
1901,-5.767999999999943,333,LSTM
1902,-5.687499999999946,334,LSTM
1903,-5.351499999999942,335,LSTM
1904,-5.256499999999942,336,LSTM
1905,-5.032499999999941,337,LSTM
1906,-4.947499999999941,338,LSTM
1907,-4.867999999999938,339,LSTM
1908,-4.7899999999999405,340,LSTM
1909,-4.615999999999945,341,LSTM
1910,-4.0809999999999444,342,LSTM
1911,-3.956499999999942,343,LSTM
1912,-3.875499999999938,344,LSTM
1913,-3.783999999999937,345,LSTM
1914,-3.65099999999994,346,LSTM
1915,-3.54599999999994,347,LSTM
1916,-3.3749999999999365,348,LSTM
1917,-3.304999999999936,349,LSTM
1918,-3.2129999999999335,350,LSTM
1919,-3.0879999999999335,351,LSTM
1920,-2.899999999999932,352,LSTM
1921,-2.700999999999931,353,LSTM
1922,-2.620499999999929,354,LSTM
1923,-2.545499999999929,355,LSTM
1924,-2.4569999999999252,356,LSTM
1925,-2.3039999999999234,357,LSTM
1926,-2.2529999999999246,358,LSTM
1927,-2.1669999999999208,359,LSTM
1928,-2.0904999999999245,360,LSTM
1929,-1.9884999999999264,361,LSTM
1930,-1.8954999999999291,362,LSTM
1931,-1.8914999999999282,363,LSTM
1932,-1.6194999999999253,364,LSTM
1933,-1.4729999999999246,365,LSTM
1934,-1.3649999999999227,366,LSTM
1935,-1.0934999999999218,367,LSTM
1936,-0.9474999999999182,368,LSTM
1937,-0.7314999999999146,369,LSTM
1938,-0.6334999999999127,370,LSTM
1939,-0.5354999999999108,371,LSTM
1940,-0.4094999999999072,372,LSTM
1941,-0.4074999999999045,373,LSTM
1942,-0.3134999999999036,374,LSTM
1943,-0.19249999999989995,375,LSTM
1944,-0.10149999999989631,376,LSTM
1945,-0.01049999999989268,377,LSTM
1946,0.08050000000011096,378,LSTM
1947,0.2945000000001119,379,LSTM
1948,0.5655000000001155,380,LSTM
1949,0.6365000000001192,381,LSTM
1950,0.9075000000001182,382,LSTM
1951,1.01050000000012,383,LSTM
1952,1.1685000000001218,384,LSTM
1953,1.27300000000012,385,LSTM
1954,1.3725000000001182,386,LSTM
1955,1.3945000000001209,387,LSTM
1956,1.3955000000001245,388,LSTM
1957,1.3965000000001282,389,LSTM
1958,1.5150000000001318,390,LSTM
1959,1.6060000000001355,391,LSTM
1960,1.697000000000139,392,LSTM
1961,1.7880000000001428,393,LSTM
1962,1.8790000000001463,394,LSTM
1963,1.97000000000015,395,LSTM
1964,2.053000000000152,396,LSTM
1965,2.1420000000001527,397,LSTM
1966,2.2330000000001564,398,LSTM
1967,2.32400000000016,399,LSTM
1968,2.415000000000164,400,LSTM
1969,2.506000000000167,401,LSTM
1970,2.596500000000169,402,LSTM
1971,2.69050000000017,403,LSTM
1972,2.69050000000017,404,LSTM
1973,2.784500000000171,405,LSTM
1974,2.784500000000171,406,LSTM
1975,2.886500000000174,407,LSTM
1976,2.886500000000174,408,LSTM
1977,2.890500000000175,409,LSTM
1978,2.890500000000175,410,LSTM
1979,2.9835000000001717,411,LSTM
1980,2.966500000000169,412,LSTM
1981,3.006500000000169,413,LSTM
1982,3.095000000000168,414,LSTM
1983,3.199000000000169,415,LSTM
1984,3.291000000000172,416,LSTM
1985,3.385000000000173,417,LSTM
1986,3.4790000000001737,418,LSTM
1987,3.5750000000001774,419,LSTM
1988,3.67200000000018,420,LSTM
1989,3.7680000000001836,421,LSTM
1990,3.7690000000001826,422,LSTM
1991,3.7730000000001835,423,LSTM
1992,3.871000000000181,424,LSTM
1993,3.962500000000182,425,LSTM
1994,4.061500000000183,426,LSTM
1995,4.156500000000182,427,LSTM
1996,4.157500000000186,428,LSTM
1997,4.249000000000187,429,LSTM
1998,4.343000000000188,430,LSTM
1999,4.436000000000186,431,LSTM
2000,4.530000000000187,432,LSTM
2001,4.624000000000187,433,LSTM
2002,4.718000000000188,434,LSTM
2003,4.720000000000191,435,LSTM
2004,4.720000000000191,436,LSTM
2005,4.722000000000194,437,LSTM
2006,4.814000000000196,438,LSTM
2007,4.911000000000199,439,LSTM
2008,5.0050000000002,440,LSTM
2009,5.0050000000002,441,LSTM
2010,5.0050000000002,442,LSTM
2011,5.096500000000201,443,LSTM
2012,5.188500000000204,444,LSTM
2013,5.280500000000206,445,LSTM
2014,5.373500000000203,446,LSTM
2015,5.282500000000205,447,LSTM
2016,5.377500000000205,448,LSTM
2017,5.471500000000206,449,LSTM
2018,5.552000000000207,450,LSTM
2019,5.647000000000207,451,LSTM
2020,5.555000000000209,452,LSTM
2021,5.55900000000021,453,LSTM
2022,5.651000000000213,454,LSTM
2023,5.747000000000217,455,LSTM
2024,5.746000000000217,456,LSTM
2025,5.746000000000217,457,LSTM
2026,5.746000000000217,458,LSTM
2027,5.746000000000217,459,LSTM
2028,5.746000000000217,460,LSTM
2029,5.84300000000022,461,LSTM
2030,5.937000000000221,462,LSTM
2031,6.032000000000221,463,LSTM
2032,6.1260000000002215,464,LSTM
2033,6.220000000000223,465,LSTM
2034,6.222000000000225,466,LSTM
2035,6.2240000000002285,467,LSTM
2036,6.2240000000002285,468,LSTM
2037,6.318000000000229,469,LSTM
2038,6.317000000000226,470,LSTM
2039,6.317000000000226,471,LSTM
2040,6.408500000000227,472,LSTM
2041,6.502500000000228,473,LSTM
2042,6.596500000000228,474,LSTM
2043,6.596500000000228,475,LSTM
2044,6.690500000000229,476,LSTM
2045,6.785500000000229,477,LSTM
2046,6.87950000000023,478,LSTM
2047,6.9725000000002275,479,LSTM
2048,7.063500000000227,480,LSTM
2049,7.157500000000227,481,LSTM
2050,7.251500000000228,482,LSTM
2051,7.3455000000002295,483,LSTM
2052,7.43950000000023,484,LSTM
2053,7.533500000000231,485,LSTM
2054,7.532500000000227,486,LSTM
2055,7.533500000000231,487,LSTM
2056,7.627500000000232,488,LSTM
2057,7.627500000000232,489,LSTM
2058,7.7215000000002325,490,LSTM
2059,7.806000000000235,491,LSTM
2060,7.900000000000237,492,LSTM
2061,7.99600000000024,493,LSTM
2062,8.090000000000241,494,LSTM
2063,8.091000000000244,495,LSTM
2064,8.091000000000244,496,LSTM
2065,8.185000000000246,497,LSTM
2066,8.186000000000249,498,LSTM
2067,8.26100000000025,499,LSTM
2068,8.267000000000248,500,LSTM
2069,8.36100000000025,501,LSTM
2070,8.36100000000025,502,LSTM
2071,8.36100000000025,503,LSTM
2072,8.36100000000025,504,LSTM
2073,8.36100000000025,505,LSTM
2074,8.362000000000252,506,LSTM
2075,8.363000000000257,507,LSTM
2076,8.363000000000257,508,LSTM
2077,8.363000000000257,509,LSTM
2078,8.363000000000257,510,LSTM
2079,8.363000000000257,511,LSTM
2080,8.363000000000257,512,LSTM
2081,8.363000000000257,513,LSTM
2082,8.36400000000026,514,LSTM
2083,8.36400000000026,515,LSTM
2084,8.36400000000026,516,LSTM
2085,8.36400000000026,517,LSTM
2086,8.36400000000026,518,LSTM
2087,8.36400000000026,519,LSTM
2088,8.363000000000257,520,LSTM
2089,8.362000000000252,521,LSTM
2090,8.45500000000025,522,LSTM
2091,8.45500000000025,523,LSTM
2092,8.55000000000025,524,LSTM
2093,8.552000000000254,525,LSTM
2094,8.554000000000256,526,LSTM
2095,8.554000000000256,527,LSTM
2096,8.554000000000256,528,LSTM
2097,8.645500000000256,529,LSTM
2098,8.64650000000026,530,LSTM
2099,8.652500000000265,531,LSTM
2100,8.652500000000265,532,LSTM
2101,8.652500000000265,533,LSTM
2102,8.654500000000267,534,LSTM
2103,8.654500000000267,535,LSTM
2104,8.654500000000267,536,LSTM
2105,8.654500000000267,537,LSTM
2106,8.654500000000267,538,LSTM
2107,8.653500000000262,539,LSTM
2108,8.654500000000267,540,LSTM
2109,8.65550000000027,541,LSTM
2110,8.65550000000027,542,LSTM
2111,8.65550000000027,543,LSTM
2112,8.65550000000027,544,LSTM
2113,8.65550000000027,545,LSTM
2114,8.656500000000273,546,LSTM
2115,8.656500000000273,547,LSTM
2116,8.656500000000273,548,LSTM
2117,8.656500000000273,549,LSTM
2118,8.656500000000273,550,LSTM
2119,8.656500000000273,551,LSTM
2120,8.656500000000273,552,LSTM
2121,8.656500000000273,553,LSTM
2122,8.656500000000273,554,LSTM
2123,8.656500000000273,555,LSTM
2124,8.656500000000273,556,LSTM
2125,8.660500000000274,557,LSTM
2126,8.661500000000279,558,LSTM
2127,8.661500000000279,559,LSTM
2128,8.661500000000279,560,LSTM
2129,8.662500000000277,561,LSTM
2130,8.662500000000277,562,LSTM
2131,8.754000000000278,563,LSTM
2132,8.754000000000278,564,LSTM
2133,8.754000000000278,565,LSTM
2134,8.754000000000278,566,LSTM
2135,8.754000000000278,567,LSTM
2136,8.754000000000278,568,LSTM
2137,8.754000000000278,569,LSTM
2138,8.754000000000278,570,LSTM
2139,8.754000000000278,571,LSTM
2140,8.754000000000278,572,LSTM
2141,8.754000000000278,573,LSTM
2142,8.754000000000278,574,LSTM
2143,8.754000000000278,575,LSTM
2144,8.754000000000278,576,LSTM
2145,8.754000000000278,577,LSTM
2146,8.754000000000278,578,LSTM
2147,8.754000000000278,579,LSTM
2148,8.753000000000275,580,LSTM
2149,8.753000000000275,581,LSTM
2150,8.760000000000277,582,LSTM
2151,8.760000000000277,583,LSTM
2152,8.760000000000277,584,LSTM
2153,8.761000000000282,585,LSTM
2154,8.762000000000285,586,LSTM
2155,8.762000000000285,587,LSTM
2156,8.761000000000282,588,LSTM
2157,8.760000000000277,589,LSTM
2158,8.759000000000274,590,LSTM
2159,8.759000000000274,591,LSTM
2160,8.759000000000274,592,LSTM
2161,8.759000000000274,593,LSTM
2162,8.759000000000274,594,LSTM
2163,8.759000000000274,595,LSTM
2164,8.767000000000275,596,LSTM
2165,8.769000000000279,597,LSTM
2166,8.769000000000279,598,LSTM
2167,8.769000000000279,599,LSTM
2168,8.769000000000279,600,LSTM
2169,8.769000000000279,601,LSTM
2170,8.769000000000279,602,LSTM
2171,8.769000000000279,603,LSTM
2172,8.769000000000279,604,LSTM
2173,8.769000000000279,605,LSTM
2174,8.769000000000279,606,LSTM
2175,8.769000000000275,607,LSTM
2176,8.769000000000274,608,LSTM
2177,8.769000000000272,609,LSTM
2178,8.769000000000268,610,LSTM
2179,8.770000000000271,611,LSTM
2180,8.78700000000027,612,LSTM
2181,8.787000000000269,613,LSTM
2182,8.78900000000027,614,LSTM
2183,8.789000000000266,615,LSTM
2184,8.789000000000264,616,LSTM
2185,8.789000000000263,617,LSTM
2186,8.78900000000026,618,LSTM
2187,8.789000000000257,619,LSTM
2188,8.789000000000255,620,LSTM
2189,8.789000000000254,621,LSTM
2190,8.790000000000255,622,LSTM
2191,8.784000000000253,623,LSTM
2192,8.785000000000254,624,LSTM
2193,8.785000000000252,625,LSTM
2194,8.78500000000025,626,LSTM
2195,8.785000000000247,627,LSTM
2196,8.785000000000245,628,LSTM
2197,8.785000000000244,629,LSTM
2198,8.785000000000242,630,LSTM
2199,8.786000000000243,631,LSTM
2200,8.78600000000024,632,LSTM
2201,8.786000000000238,633,LSTM
2202,8.786000000000236,634,LSTM
2203,8.786000000000234,635,LSTM
2204,8.78600000000023,636,LSTM
2205,8.786000000000229,637,LSTM
2206,8.786000000000227,638,LSTM
2207,8.786000000000223,639,LSTM
2208,8.786000000000222,640,LSTM
2209,8.78600000000022,641,LSTM
2210,8.786000000000218,642,LSTM
2211,8.786000000000215,643,LSTM
2212,8.786000000000213,644,LSTM
2213,8.786000000000211,645,LSTM
2214,8.787000000000212,646,LSTM
2215,8.88200000000021,647,LSTM
2216,8.882000000000208,648,LSTM
2217,8.882000000000206,649,LSTM
2218,8.882000000000202,650,LSTM
2219,8.8820000000002,651,LSTM
2220,8.977000000000197,652,LSTM
2221,8.977000000000196,653,LSTM
2222,8.977000000000194,654,LSTM
2223,8.977000000000192,655,LSTM
2224,9.07200000000019,656,LSTM
2225,9.072000000000187,657,LSTM
2226,9.072000000000184,658,LSTM
2227,9.072000000000182,659,LSTM
2228,9.07200000000018,660,LSTM
2229,9.072000000000179,661,LSTM
2230,9.072000000000175,662,LSTM
2231,9.073000000000176,663,LSTM
2232,9.073000000000174,664,LSTM
2233,9.073000000000173,665,LSTM
2234,9.073000000000171,666,LSTM
2235,9.073000000000167,667,LSTM
2236,9.073000000000166,668,LSTM
2237,9.073000000000164,669,LSTM
2238,9.074000000000165,670,LSTM
2239,9.074000000000161,671,LSTM
2240,9.07400000000016,672,LSTM
2241,9.074000000000158,673,LSTM
2242,9.073000000000157,674,LSTM
2243,9.073000000000155,675,LSTM
2244,9.073000000000151,676,LSTM
2245,9.07300000000015,677,LSTM
2246,9.073000000000148,678,LSTM
2247,8.982500000000151,679,LSTM
2248,8.98550000000015,680,LSTM
2249,8.985500000000147,681,LSTM
2250,8.985500000000146,682,LSTM
2251,8.985500000000142,683,LSTM
2252,8.98550000000014,684,LSTM
2253,8.985500000000139,685,LSTM
2254,8.98650000000014,686,LSTM
2255,8.986500000000138,687,LSTM
2256,8.986500000000134,688,LSTM
2257,8.895000000000135,689,LSTM
2258,8.895000000000131,690,LSTM
2259,8.89500000000013,691,LSTM
2260,8.895000000000127,692,LSTM
2261,8.895000000000126,693,LSTM
2262,8.895000000000122,694,LSTM
2263,8.89500000000012,695,LSTM
2264,8.895000000000119,696,LSTM
2265,8.895000000000117,697,LSTM
2266,8.895000000000113,698,LSTM
2267,8.80000000000011,699,LSTM
2268,8.801000000000112,700,LSTM
2269,8.80100000000011,701,LSTM
2270,8.801000000000109,702,LSTM
2271,8.801000000000107,703,LSTM
2272,8.801000000000103,704,LSTM
2273,8.801000000000101,705,LSTM
2274,8.8010000000001,706,LSTM
2275,8.801000000000096,707,LSTM
2276,8.801000000000094,708,LSTM
2277,8.801000000000093,709,LSTM
2278,8.80100000000009,710,LSTM
2279,8.801000000000087,711,LSTM
2280,8.801000000000085,712,LSTM
2281,8.801000000000084,713,LSTM
2282,8.80100000000008,714,LSTM
2283,8.801000000000078,715,LSTM
2284,8.801000000000077,716,LSTM
2285,8.801000000000075,717,LSTM
2286,8.801000000000071,718,LSTM
2287,8.80100000000007,719,LSTM
2288,8.80200000000007,720,LSTM
2289,8.803000000000072,721,LSTM
2290,8.805000000000073,722,LSTM
2291,8.80500000000007,723,LSTM
2292,8.805000000000069,724,LSTM
2293,8.805000000000065,725,LSTM
2294,8.804000000000064,726,LSTM
2295,8.804000000000062,727,LSTM
2296,8.80400000000006,728,LSTM
2297,8.804000000000057,729,LSTM
2298,8.804000000000055,730,LSTM
2299,8.804000000000054,731,LSTM
2300,8.804000000000052,732,LSTM
2301,8.805000000000053,733,LSTM
2302,8.80500000000005,734,LSTM
2303,8.805000000000048,735,LSTM
2304,8.805000000000046,736,LSTM
2305,8.805000000000042,737,LSTM
2306,8.80500000000004,738,LSTM
2307,8.806000000000042,739,LSTM
2308,8.80600000000004,740,LSTM
2309,8.806000000000038,741,LSTM
2310,8.806000000000035,742,LSTM
2311,8.806000000000033,743,LSTM
2312,8.806000000000031,744,LSTM
2313,8.80600000000003,745,LSTM
2314,8.711000000000027,746,LSTM
2315,8.711000000000023,747,LSTM
2316,8.711000000000022,748,LSTM
2317,8.71100000000002,749,LSTM
2318,8.711000000000018,750,LSTM
2319,8.711000000000015,751,LSTM
2320,8.710000000000013,752,LSTM
2321,8.710000000000012,753,LSTM
2322,8.71000000000001,754,LSTM
2323,8.710000000000006,755,LSTM
2324,8.710000000000004,756,LSTM
2325,8.710000000000003,757,LSTM
2326,8.618500000000001,758,LSTM
2327,8.6175,759,LSTM
2328,8.618500000000001,760,LSTM
2329,8.619500000000002,761,LSTM
2330,8.620500000000003,762,LSTM
2331,8.620500000000002,763,LSTM
2332,8.5265,764,LSTM
2333,8.526499999999999,765,LSTM
2334,8.526499999999997,766,LSTM
2335,8.526499999999993,767,LSTM
2336,8.526499999999992,768,LSTM
2337,8.52649999999999,769,LSTM
2338,8.526499999999988,770,LSTM
2339,8.526499999999984,771,LSTM
2340,8.526499999999983,772,LSTM
2341,8.52649999999998,773,LSTM
2342,8.526499999999977,774,LSTM
2343,8.526499999999976,775,LSTM
2344,8.526499999999974,776,LSTM
2345,8.526499999999972,777,LSTM
2346,8.526499999999968,778,LSTM
2347,8.526499999999967,779,LSTM
2348,8.527499999999968,780,LSTM
2349,8.527499999999966,781,LSTM
2350,8.527499999999964,782,LSTM
2351,8.52749999999996,783,LSTM
2352,8.527499999999959,784,LSTM
2353,8.527499999999957,785,LSTM
2354,8.526499999999956,786,LSTM
2355,8.525499999999955,787,LSTM
2356,8.526499999999956,788,LSTM
2357,8.527499999999957,789,LSTM
2358,8.528499999999958,790,LSTM
2359,8.528499999999957,791,LSTM
2360,8.528499999999953,792,LSTM
2361,8.528499999999951,793,LSTM
2362,8.52849999999995,794,LSTM
2363,8.528499999999946,795,LSTM
2364,8.528499999999944,796,LSTM
2365,8.528499999999942,797,LSTM
2366,8.52849999999994,798,LSTM
2367,8.528499999999937,799,LSTM
2368,8.528499999999935,800,LSTM
2369,8.528499999999934,801,LSTM
2370,8.52849999999993,802,LSTM
2371,8.528499999999928,803,LSTM
2372,8.528499999999926,804,LSTM
2373,8.528499999999925,805,LSTM
2374,8.528499999999921,806,LSTM
2375,8.528499999999921,807,LSTM
2376,8.528499999999921,808,LSTM
2377,8.528499999999921,809,LSTM
2378,8.528499999999921,810,LSTM
2379,8.528499999999921,811,LSTM
2380,8.527499999999923,812,LSTM
2381,8.527499999999923,813,LSTM
2382,8.528499999999921,814,LSTM
2383,8.528499999999921,815,LSTM
2384,8.528499999999921,816,LSTM
2385,8.528499999999921,817,LSTM
2386,8.528499999999921,818,LSTM
2387,8.528499999999921,819,LSTM
2388,8.528499999999921,820,LSTM
2389,8.528499999999921,821,LSTM
2390,8.527499999999923,822,LSTM
2391,8.532499999999922,823,LSTM
2392,8.532499999999922,824,LSTM
2393,8.532499999999922,825,LSTM
2394,8.532499999999922,826,LSTM
2395,8.532499999999922,827,LSTM
2396,8.532499999999922,828,LSTM
2397,8.532499999999922,829,LSTM
2398,8.532499999999922,830,LSTM
2399,8.532499999999922,831,LSTM
2400,8.532499999999922,832,LSTM
2401,8.532499999999922,833,LSTM
2402,8.532499999999922,834,LSTM
2403,8.532499999999922,835,LSTM
2404,8.532499999999922,836,LSTM
2405,8.532499999999922,837,LSTM
2406,8.532499999999922,838,LSTM
2407,8.532499999999922,839,LSTM
2408,8.532499999999922,840,LSTM
2409,8.532499999999922,841,LSTM
2410,8.532499999999922,842,LSTM
2411,8.532499999999922,843,LSTM
2412,8.440499999999922,844,LSTM
2413,8.440499999999922,845,LSTM
2414,8.440499999999922,846,LSTM
2415,8.440499999999922,847,LSTM
2416,8.440499999999922,848,LSTM
2417,8.440499999999922,849,LSTM
2418,8.440499999999922,850,LSTM
2419,8.440499999999922,851,LSTM
2420,8.440499999999922,852,LSTM
2421,8.440499999999922,853,LSTM
2422,8.440499999999922,854,LSTM
2423,8.440499999999922,855,LSTM
2424,8.440499999999922,856,LSTM
2425,8.440499999999922,857,LSTM
2426,8.440499999999922,858,LSTM
2427,8.440499999999922,859,LSTM
2428,8.440499999999922,860,LSTM
2429,8.440499999999922,861,LSTM
2430,8.440499999999922,862,LSTM
2431,8.440499999999922,863,LSTM
2432,8.440499999999922,864,LSTM
2433,8.440499999999922,865,LSTM
2434,8.440499999999922,866,LSTM
2435,8.440499999999922,867,LSTM
2436,8.440499999999922,868,LSTM
2437,8.440499999999922,869,LSTM
2438,8.440499999999922,870,LSTM
2439,8.440499999999922,871,LSTM
2440,8.440499999999922,872,LSTM
2441,8.440499999999922,873,LSTM
2442,8.441499999999921,874,LSTM
2443,8.441499999999921,875,LSTM
2444,8.441499999999921,876,LSTM
2445,8.441499999999921,877,LSTM
2446,8.441499999999921,878,LSTM
2447,8.53299999999992,879,LSTM
2448,8.53299999999992,880,LSTM
2449,8.53299999999992,881,LSTM
2450,8.53299999999992,882,LSTM
2451,8.53299999999992,883,LSTM
2452,8.53299999999992,884,LSTM
2453,8.53299999999992,885,LSTM
2454,8.53299999999992,886,LSTM
2455,8.53299999999992,887,LSTM
2456,8.53299999999992,888,LSTM
2457,8.62449999999992,889,LSTM
2458,8.62449999999992,890,LSTM
2459,8.62449999999992,891,LSTM
2460,8.62449999999992,892,LSTM
2461,8.62449999999992,893,LSTM
2462,8.62449999999992,894,LSTM
2463,8.62449999999992,895,LSTM
2464,8.62449999999992,896,LSTM
2465,8.62349999999992,897,LSTM
2466,8.62349999999992,898,LSTM
2467,8.718499999999919,899,LSTM
2468,8.718499999999919,900,LSTM
2469,8.718499999999919,901,LSTM
2470,8.718499999999919,902,LSTM
2471,8.718499999999919,903,LSTM
2472,8.718499999999919,904,LSTM
2473,8.718499999999919,905,LSTM
2474,8.718499999999919,906,LSTM
2475,8.718499999999919,907,LSTM
2476,8.718499999999919,908,LSTM
2477,8.718499999999919,909,LSTM
2478,8.718499999999919,910,LSTM
2479,8.718499999999919,911,LSTM
2480,8.718499999999919,912,LSTM
2481,8.718499999999919,913,LSTM
2482,8.718499999999919,914,LSTM
2483,8.718499999999919,915,LSTM
2484,8.717499999999921,916,LSTM
2485,8.717499999999921,917,LSTM
2486,8.717499999999921,918,LSTM
2487,8.62249999999992,919,LSTM
2488,8.62249999999992,920,LSTM
2489,8.62249999999992,921,LSTM
2490,8.62249999999992,922,LSTM
2491,8.62249999999992,923,LSTM
2492,8.62249999999992,924,LSTM
2493,8.62249999999992,925,LSTM
2494,8.62349999999992,926,LSTM
2495,8.62349999999992,927,LSTM
2496,8.61849999999992,928,LSTM
2497,8.61849999999992,929,LSTM
2498,8.61749999999992,930,LSTM
2499,8.61749999999992,931,LSTM
2500,8.61749999999992,932,LSTM
2501,8.61749999999992,933,LSTM
2502,8.616499999999922,934,LSTM
2503,8.616499999999922,935,LSTM
2504,8.616499999999922,936,LSTM
2505,8.616499999999922,937,LSTM
2506,8.616499999999922,938,LSTM
2507,8.616499999999922,939,LSTM
2508,8.616499999999922,940,LSTM
2509,8.616499999999922,941,LSTM
2510,8.616499999999922,942,LSTM
2511,8.616499999999922,943,LSTM
2512,8.616499999999922,944,LSTM
2513,8.616499999999922,945,LSTM
2514,8.711499999999921,946,LSTM
2515,8.711499999999921,947,LSTM
2516,8.710499999999922,948,LSTM
2517,8.710499999999922,949,LSTM
2518,8.709499999999924,950,LSTM
2519,8.709499999999924,951,LSTM
2520,8.710499999999922,952,LSTM
2521,8.710499999999922,953,LSTM
2522,8.710499999999922,954,LSTM
2523,8.710499999999922,955,LSTM
2524,8.602499999999923,956,LSTM
2525,8.602499999999923,957,LSTM
2526,8.693999999999921,958,LSTM
2527,8.69499999999992,959,LSTM
2528,8.68199999999992,960,LSTM
2529,8.68199999999992,961,LSTM
2530,8.68199999999992,962,LSTM
2531,8.680999999999921,963,LSTM
2532,8.77499999999992,964,LSTM
2533,8.774999999999922,965,LSTM
2534,8.773999999999921,966,LSTM
2535,8.773999999999923,967,LSTM
2536,8.773999999999923,968,LSTM
2537,8.773999999999923,969,LSTM
2538,8.773999999999923,970,LSTM
2539,8.773999999999925,971,LSTM
2540,8.773999999999926,972,LSTM
2541,8.773999999999926,973,LSTM
2542,8.773999999999926,974,LSTM
2543,8.773999999999926,975,LSTM
2544,8.773999999999928,976,LSTM
2545,8.773999999999928,977,LSTM
2546,8.68199999999993,978,LSTM
2547,8.68199999999993,979,LSTM
2548,8.68199999999993,980,LSTM
2549,8.68199999999993,981,LSTM
2550,8.681999999999931,982,LSTM
2551,8.681999999999933,983,LSTM
2552,8.681999999999933,984,LSTM
2553,8.681999999999933,985,LSTM
2554,8.682999999999932,986,LSTM
2555,8.683999999999934,987,LSTM
2556,8.683999999999934,988,LSTM
2557,8.683999999999934,989,LSTM
2558,8.683999999999934,990,LSTM
2559,8.673999999999936,991,LSTM
2560,8.673999999999936,992,LSTM
2561,8.673999999999936,993,LSTM
2562,8.672999999999936,994,LSTM
2563,8.672999999999936,995,LSTM
2564,8.672999999999938,996,LSTM
2565,8.671999999999937,997,LSTM
2566,8.671999999999938,998,LSTM
2567,8.670999999999937,999,LSTM
2568,8.670999999999939,1000,LSTM
2569,8.57699999999994,1001,LSTM
2570,8.57699999999994,1002,LSTM
2571,8.57699999999994,1003,LSTM
2572,8.576999999999941,1004,LSTM
2573,8.576999999999941,1005,LSTM
2574,8.576999999999941,1006,LSTM
2575,8.576999999999943,1007,LSTM
2576,8.576999999999943,1008,LSTM
2577,8.576999999999943,1009,LSTM
2578,8.576999999999943,1010,LSTM
2579,8.576999999999945,1011,LSTM
2580,8.577999999999944,1012,LSTM
2581,8.576999999999945,1013,LSTM
2582,8.576999999999947,1014,LSTM
2583,8.576999999999947,1015,LSTM
2584,8.576999999999947,1016,LSTM
2585,8.575999999999947,1017,LSTM
2586,8.575999999999947,1018,LSTM
2587,8.575999999999947,1019,LSTM
2588,8.575999999999949,1020,LSTM
2589,8.575999999999949,1021,LSTM
2590,8.576999999999948,1022,LSTM
2591,8.577999999999948,1023,LSTM
2592,8.57799999999995,1024,LSTM
2593,8.57799999999995,1025,LSTM
2594,8.57799999999995,1026,LSTM
2595,8.577999999999951,1027,LSTM
2596,8.57699999999995,1028,LSTM
2597,8.576999999999952,1029,LSTM
2598,8.576999999999952,1030,LSTM
2599,8.576999999999952,1031,LSTM
2600,8.575999999999954,1032,LSTM
2601,8.575999999999954,1033,LSTM
2602,8.575999999999954,1034,LSTM
2603,8.575999999999954,1035,LSTM
2604,8.575999999999956,1036,LSTM
2605,8.575999999999956,1037,LSTM
2606,8.575999999999956,1038,LSTM
2607,8.575999999999958,1039,LSTM
2608,8.575999999999958,1040,LSTM
2609,8.575999999999958,1041,LSTM
2610,8.575999999999958,1042,LSTM
2611,8.57599999999996,1043,LSTM
2612,8.66799999999996,1044,LSTM
2613,8.66799999999996,1045,LSTM
2614,8.66799999999996,1046,LSTM
2615,8.667999999999962,1047,LSTM
2616,8.667999999999964,1048,LSTM
2617,8.667999999999964,1049,LSTM
2618,8.667999999999964,1050,LSTM
2619,8.667999999999964,1051,LSTM
2620,8.667999999999966,1052,LSTM
2621,8.667999999999966,1053,LSTM
2622,8.667999999999966,1054,LSTM
2623,8.667999999999967,1055,LSTM
2624,8.667999999999967,1056,LSTM
2625,8.667999999999967,1057,LSTM
2626,8.666999999999968,1058,LSTM
2627,8.666999999999968,1059,LSTM
2628,8.664999999999969,1060,LSTM
2629,8.664999999999969,1061,LSTM
2630,8.66399999999997,1062,LSTM
2631,8.66299999999997,1063,LSTM
2632,8.66199999999997,1064,LSTM
2633,8.66199999999997,1065,LSTM
2634,8.66199999999997,1066,LSTM
2635,8.66199999999997,1067,LSTM
2636,8.661999999999972,1068,LSTM
2637,8.661999999999972,1069,LSTM
2638,8.661999999999972,1070,LSTM
2639,8.661999999999972,1071,LSTM
2640,8.661999999999972,1072,LSTM
2641,8.661999999999974,1073,LSTM
2642,8.661999999999974,1074,LSTM
2643,8.660999999999975,1075,LSTM
2644,8.659999999999975,1076,LSTM
2645,8.659999999999975,1077,LSTM
2646,8.659999999999975,1078,LSTM
2647,8.659999999999977,1079,LSTM
2648,8.659999999999977,1080,LSTM
2649,8.659999999999977,1081,LSTM
2650,8.659999999999979,1082,LSTM
2651,8.659999999999979,1083,LSTM
2652,8.659999999999979,1084,LSTM
2653,8.659999999999979,1085,LSTM
2654,8.659999999999979,1086,LSTM
2655,8.65999999999998,1087,LSTM
2656,8.65999999999998,1088,LSTM
2657,8.659999999999982,1089,LSTM
2658,8.659999999999982,1090,LSTM
2659,8.659999999999982,1091,LSTM
2660,8.658999999999983,1092,LSTM
2661,8.658999999999983,1093,LSTM
2662,8.658999999999985,1094,LSTM
2663,8.658999999999985,1095,LSTM
2664,8.658999999999985,1096,LSTM
2665,8.659999999999984,1097,LSTM
2666,8.659999999999984,1098,LSTM
2667,8.659999999999986,1099,LSTM
2668,8.659999999999986,1100,LSTM
2669,8.658999999999986,1101,LSTM
2670,8.658999999999986,1102,LSTM
2671,8.658999999999986,1103,LSTM
2672,8.658999999999986,1104,LSTM
2673,8.658999999999986,1105,LSTM
2674,8.658999999999986,1106,LSTM
2675,8.658999999999988,1107,LSTM
2676,8.658999999999988,1108,LSTM
2677,8.65899999999999,1109,LSTM
2678,8.65899999999999,1110,LSTM
2679,8.65899999999999,1111,LSTM
2680,8.65899999999999,1112,LSTM
2681,8.658999999999992,1113,LSTM
2682,8.657999999999992,1114,LSTM
2683,8.657999999999992,1115,LSTM
2684,8.658999999999992,1116,LSTM
2685,8.658999999999992,1117,LSTM
2686,8.658999999999994,1118,LSTM
2687,8.753999999999994,1119,LSTM
2688,8.753999999999994,1120,LSTM
2689,8.753999999999994,1121,LSTM
2690,8.753999999999996,1122,LSTM
2691,8.753999999999996,1123,LSTM
2692,8.753999999999996,1124,LSTM
2693,8.753999999999996,1125,LSTM
2694,8.753999999999998,1126,LSTM
2695,8.753999999999998,1127,LSTM
2696,8.758999999999999,1128,LSTM
2697,8.665,1129,LSTM
2698,8.571999999999997,1130,LSTM
2699,8.572,1131,LSTM
2700,8.572000000000001,1132,LSTM
2701,8.572000000000001,1133,LSTM
2702,8.573,1134,LSTM
2703,8.573,1135,LSTM
2704,8.573000000000002,1136,LSTM
2705,8.479000000000003,1137,LSTM
2706,8.479000000000003,1138,LSTM
2707,8.479000000000003,1139,LSTM
2708,8.479000000000003,1140,LSTM
2709,8.479000000000005,1141,LSTM
2710,8.479000000000005,1142,LSTM
2711,8.479000000000006,1143,LSTM
2712,8.479000000000006,1144,LSTM
2713,8.479000000000006,1145,LSTM
2714,8.479000000000006,1146,LSTM
2715,8.479000000000008,1147,LSTM
2716,8.480000000000008,1148,LSTM
2717,8.480000000000008,1149,LSTM
2718,8.481000000000007,1150,LSTM
2719,8.480000000000008,1151,LSTM
2720,8.480000000000008,1152,LSTM
2721,8.48000000000001,1153,LSTM
2722,8.48000000000001,1154,LSTM
2723,8.48000000000001,1155,LSTM
2724,8.58800000000001,1156,LSTM
2725,8.588000000000012,1157,LSTM
2726,8.588000000000012,1158,LSTM
2727,8.588000000000012,1159,LSTM
2728,8.509000000000013,1160,LSTM
2729,8.509000000000013,1161,LSTM
2730,8.509000000000013,1162,LSTM
2731,8.510000000000012,1163,LSTM
2732,8.510000000000012,1164,LSTM
2733,8.510000000000012,1165,LSTM
2734,8.511000000000013,1166,LSTM
2735,8.511000000000013,1167,LSTM
2736,8.511000000000013,1168,LSTM
2737,8.511000000000013,1169,LSTM
2738,8.511000000000013,1170,LSTM
2739,8.511000000000013,1171,LSTM
2740,8.511000000000013,1172,LSTM
2741,8.511000000000013,1173,LSTM
2742,8.511000000000013,1174,LSTM
2743,8.510000000000012,1175,LSTM
2744,8.510000000000012,1176,LSTM
2745,8.510000000000012,1177,LSTM
2746,8.602000000000011,1178,LSTM
2747,8.602000000000011,1179,LSTM
2748,8.602000000000011,1180,LSTM
2749,8.602000000000011,1181,LSTM
2750,8.602000000000011,1182,LSTM
2751,8.602000000000011,1183,LSTM
2752,8.601000000000013,1184,LSTM
2753,8.601000000000013,1185,LSTM
2754,8.601000000000013,1186,LSTM
2755,8.601000000000013,1187,LSTM
2756,8.601000000000013,1188,LSTM
2757,8.601000000000013,1189,LSTM
2758,8.601000000000013,1190,LSTM
2759,8.611000000000013,1191,LSTM
2760,8.611000000000013,1192,LSTM
2761,8.611000000000013,1193,LSTM
2762,8.612000000000013,1194,LSTM
2763,8.612000000000013,1195,LSTM
2764,8.612000000000013,1196,LSTM
2765,8.613000000000014,1197,LSTM
2766,8.613000000000014,1198,LSTM
2767,8.614000000000011,1199,LSTM
2768,8.614000000000011,1200,LSTM
2769,8.708000000000013,1201,LSTM
2770,8.708000000000013,1202,LSTM
2771,8.708000000000013,1203,LSTM
2772,8.70800000000001,1204,LSTM
2773,8.70800000000001,1205,LSTM
2774,8.70800000000001,1206,LSTM
2775,8.708000000000009,1207,LSTM
2776,8.708000000000009,1208,LSTM
2777,8.708000000000009,1209,LSTM
2778,8.708000000000009,1210,LSTM
2779,8.708000000000007,1211,LSTM
2780,8.708000000000006,1212,LSTM
2781,8.708000000000007,1213,LSTM
2782,8.708000000000006,1214,LSTM
2783,8.708000000000006,1215,LSTM
2784,8.708000000000006,1216,LSTM
2785,8.709000000000005,1217,LSTM
2786,8.708000000000006,1218,LSTM
2787,8.613000000000005,1219,LSTM
2788,8.613000000000005,1220,LSTM
2789,8.612000000000005,1221,LSTM
2790,8.612000000000005,1222,LSTM
2791,8.612000000000004,1223,LSTM
2792,8.612000000000002,1224,LSTM
2793,8.612000000000002,1225,LSTM
2794,8.612000000000002,1226,LSTM
2795,8.612000000000002,1227,LSTM
2796,8.613000000000001,1228,LSTM
2797,8.613000000000001,1229,LSTM
2798,8.613,1230,LSTM
2799,8.613,1231,LSTM
2800,8.613999999999999,1232,LSTM
2801,8.613999999999999,1233,LSTM
2802,8.613999999999999,1234,LSTM
2803,8.612999999999998,1235,LSTM
2804,8.612999999999998,1236,LSTM
2805,8.612999999999998,1237,LSTM
2806,8.612999999999998,1238,LSTM
2807,8.612999999999996,1239,LSTM
2808,8.612999999999994,1240,LSTM
2809,8.612999999999994,1241,LSTM
2810,8.612999999999994,1242,LSTM
2811,8.612999999999994,1243,LSTM
2812,8.612999999999992,1244,LSTM
2813,8.612999999999992,1245,LSTM
2814,8.612999999999992,1246,LSTM
2815,8.612999999999992,1247,LSTM
2816,8.61299999999999,1248,LSTM
2817,8.61299999999999,1249,LSTM
2818,8.61299999999999,1250,LSTM
2819,8.612999999999989,1251,LSTM
2820,8.612999999999989,1252,LSTM
2821,8.612999999999989,1253,LSTM
2822,8.612999999999989,1254,LSTM
2823,8.612999999999987,1255,LSTM
2824,8.612999999999987,1256,LSTM
2825,8.612999999999987,1257,LSTM
2826,8.613999999999987,1258,LSTM
2827,8.613999999999987,1259,LSTM
2828,8.615999999999985,1260,LSTM
2829,8.615999999999985,1261,LSTM
2830,8.615999999999985,1262,LSTM
2831,8.616999999999985,1263,LSTM
2832,8.617999999999984,1264,LSTM
2833,8.617999999999984,1265,LSTM
2834,8.617999999999984,1266,LSTM
2835,8.617999999999984,1267,LSTM
2836,8.617999999999983,1268,LSTM
2837,8.617999999999983,1269,LSTM
2838,8.61799999999998,1270,LSTM
2839,8.61799999999998,1271,LSTM
2840,8.61799999999998,1272,LSTM
2841,8.61799999999998,1273,LSTM
2842,8.61799999999998,1274,LSTM
2843,8.618999999999978,1275,LSTM
2844,8.61999999999998,1276,LSTM
2845,8.619999999999978,1277,LSTM
2846,8.619999999999978,1278,LSTM
2847,8.619999999999978,1279,LSTM
2848,8.619999999999978,1280,LSTM
2849,8.619999999999978,1281,LSTM
2850,8.619999999999976,1282,LSTM
2851,8.619999999999976,1283,LSTM
2852,8.619999999999974,1284,LSTM
2853,8.619999999999974,1285,LSTM
2854,8.619999999999974,1286,LSTM
2855,8.619999999999974,1287,LSTM
2856,8.619999999999974,1288,LSTM
2857,8.525999999999973,1289,LSTM
2858,8.434999999999974,1290,LSTM
2859,8.343999999999975,1291,LSTM
2860,8.253999999999975,1292,LSTM
2861,8.162999999999975,1293,LSTM
2862,8.071999999999976,1294,LSTM
2863,7.980999999999977,1295,LSTM
2864,7.886999999999976,1296,LSTM
2865,7.795999999999976,1297,LSTM
2866,7.795999999999976,1298,LSTM
2867,7.795999999999975,1299,LSTM
2868,7.795999999999975,1300,LSTM
2869,7.796999999999974,1301,LSTM
2870,7.796999999999974,1302,LSTM
2871,7.796999999999974,1303,LSTM
2872,7.735999999999974,1304,LSTM
2873,7.641999999999975,1305,LSTM
2874,7.641999999999973,1306,LSTM
2875,7.639999999999974,1307,LSTM
2876,7.639999999999974,1308,LSTM
2877,7.639999999999973,1309,LSTM
2878,7.639999999999973,1310,LSTM
2879,7.638999999999974,1311,LSTM
2880,7.638999999999973,1312,LSTM
2881,7.638999999999971,1313,LSTM
2882,7.639999999999971,1314,LSTM
2883,7.637999999999972,1315,LSTM
2884,7.6379999999999715,1316,LSTM
2885,7.63799999999997,1317,LSTM
2886,7.63799999999997,1318,LSTM
2887,7.63799999999997,1319,LSTM
2888,7.637999999999969,1320,LSTM
2889,7.637999999999968,1321,LSTM
2890,7.637999999999968,1322,LSTM
2891,7.637999999999968,1323,LSTM
2892,7.637999999999966,1324,LSTM
2893,7.637999999999965,1325,LSTM
2894,7.637999999999965,1326,LSTM
2895,7.636999999999967,1327,LSTM
2896,7.636999999999965,1328,LSTM
2897,7.730999999999965,1329,LSTM
2898,7.824999999999964,1330,LSTM
2899,7.824999999999964,1331,LSTM
2900,7.824999999999964,1332,LSTM
2901,7.824999999999963,1333,LSTM
2902,7.8239999999999625,1334,LSTM
2903,7.8239999999999625,1335,LSTM
2904,7.8239999999999625,1336,LSTM
2905,7.822999999999961,1337,LSTM
2906,7.728999999999961,1338,LSTM
2907,7.63499999999996,1339,LSTM
2908,7.54099999999996,1340,LSTM
2909,7.446999999999959,1341,LSTM
2910,7.446999999999959,1342,LSTM
2911,7.352999999999959,1343,LSTM
2912,7.352999999999959,1344,LSTM
2913,7.3519999999999595,1345,LSTM
2914,7.351999999999959,1346,LSTM
2915,7.351999999999958,1347,LSTM
2916,7.351999999999958,1348,LSTM
2917,7.351999999999958,1349,LSTM
2918,7.351999999999956,1350,LSTM
2919,7.351999999999958,1351,LSTM
2920,7.351999999999956,1352,LSTM
2921,7.351999999999955,1353,LSTM
2922,7.351999999999955,1354,LSTM
2923,7.351999999999955,1355,LSTM
2924,7.351999999999954,1356,LSTM
2925,7.349999999999953,1357,LSTM
2926,7.349999999999953,1358,LSTM
2927,7.349999999999953,1359,LSTM
2928,7.440999999999951,1360,LSTM
2929,7.440999999999951,1361,LSTM
2930,7.440999999999951,1362,LSTM
2931,7.44099999999995,1363,LSTM
2932,7.43999999999995,1364,LSTM
2933,7.43999999999995,1365,LSTM
2934,7.43999999999995,1366,LSTM
2935,7.439999999999949,1367,LSTM
2936,7.4389999999999485,1368,LSTM
2937,7.4389999999999485,1369,LSTM
2938,7.4389999999999485,1370,LSTM
2939,7.438999999999948,1371,LSTM
2940,7.438999999999947,1372,LSTM
2941,7.438999999999947,1373,LSTM
2942,7.438999999999947,1374,LSTM
2943,7.439999999999945,1375,LSTM
2944,7.439999999999945,1376,LSTM
2945,7.439999999999944,1377,LSTM
2946,7.4399999999999435,1378,LSTM
2947,7.4399999999999435,1379,LSTM
2948,7.438999999999944,1380,LSTM
2949,7.438999999999943,1381,LSTM
2950,7.438999999999941,1382,LSTM
2951,7.438999999999941,1383,LSTM
2952,7.439999999999941,1384,LSTM
2953,7.439999999999941,1385,LSTM
2954,7.439999999999941,1386,LSTM
2955,7.4389999999999405,1387,LSTM
2956,7.43899999999994,1388,LSTM
2957,7.43899999999994,1389,LSTM
2958,7.43899999999994,1390,LSTM
2959,7.438999999999939,1391,LSTM
2960,7.438999999999937,1392,LSTM
2961,7.438999999999937,1393,LSTM
2962,7.438999999999937,1394,LSTM
2963,7.438999999999936,1395,LSTM
2964,7.438999999999935,1396,LSTM
2965,7.438999999999935,1397,LSTM
2966,7.438999999999935,1398,LSTM
2967,7.438999999999933,1399,LSTM
2968,7.4389999999999326,1400,LSTM
2969,7.4389999999999326,1401,LSTM
2970,7.4389999999999326,1402,LSTM
2971,7.4389999999999326,1403,LSTM
2972,7.4389999999999326,1404,LSTM
2973,7.437999999999934,1405,LSTM
2974,7.437999999999934,1406,LSTM
2975,7.437999999999934,1407,LSTM
2976,7.4369999999999346,1408,LSTM
2977,7.4369999999999346,1409,LSTM
2978,7.435999999999935,1410,LSTM
2979,7.435999999999935,1411,LSTM
2980,7.433999999999935,1412,LSTM
2981,7.434999999999934,1413,LSTM
2982,7.434999999999934,1414,LSTM
2983,7.433999999999935,1415,LSTM
2984,7.433999999999935,1416,LSTM
2985,7.433999999999935,1417,LSTM
2986,7.434999999999934,1418,LSTM
2987,7.529999999999934,1419,LSTM
2988,7.529999999999934,1420,LSTM
2989,7.530999999999933,1421,LSTM
2990,7.530999999999933,1422,LSTM
2991,7.530999999999933,1423,LSTM
2992,7.530999999999933,1424,LSTM
2993,7.530999999999933,1425,LSTM
2994,7.530999999999933,1426,LSTM
2995,7.530999999999933,1427,LSTM
2996,7.530999999999933,1428,LSTM
2997,7.530999999999933,1429,LSTM
2998,7.530999999999933,1430,LSTM
2999,7.530999999999933,1431,LSTM
3000,7.530999999999933,1432,LSTM
3001,7.530999999999933,1433,LSTM
3002,7.530999999999933,1434,LSTM
3003,7.5319999999999325,1435,LSTM
3004,7.5319999999999325,1436,LSTM
3005,7.5319999999999325,1437,LSTM
3006,7.5319999999999325,1438,LSTM
3007,7.5319999999999325,1439,LSTM
3008,7.5319999999999325,1440,LSTM
3009,7.5319999999999325,1441,LSTM
3010,7.5319999999999325,1442,LSTM
3011,7.5319999999999325,1443,LSTM
3012,7.5319999999999325,1444,LSTM
3013,7.5319999999999325,1445,LSTM
3014,7.5319999999999325,1446,LSTM
3015,7.5319999999999325,1447,LSTM
3016,7.5319999999999325,1448,LSTM
3017,7.5319999999999325,1449,LSTM
3018,7.5319999999999325,1450,LSTM
3019,7.5319999999999325,1451,LSTM
3020,7.5319999999999325,1452,LSTM
3021,7.5319999999999325,1453,LSTM
3022,7.5319999999999325,1454,LSTM
3023,7.5319999999999325,1455,LSTM
3024,7.5319999999999325,1456,LSTM
3025,7.5319999999999325,1457,LSTM
3026,7.5319999999999325,1458,LSTM
3027,7.530999999999933,1459,LSTM
3028,7.530999999999933,1460,LSTM
3029,7.530999999999933,1461,LSTM
3030,7.530999999999933,1462,LSTM
3031,7.530999999999933,1463,LSTM
3032,7.530999999999933,1464,LSTM
3033,7.530999999999933,1465,LSTM
3034,7.530999999999933,1466,LSTM
3035,7.530999999999933,1467,LSTM
3036,7.530999999999933,1468,LSTM
3037,7.530999999999933,1469,LSTM
3038,7.530999999999933,1470,LSTM
3039,7.530999999999933,1471,LSTM
3040,7.530999999999933,1472,LSTM
3041,7.530999999999933,1473,LSTM
3042,7.530999999999933,1474,LSTM
3043,7.530999999999933,1475,LSTM
3044,7.530999999999933,1476,LSTM
3045,7.530999999999933,1477,LSTM
3046,7.530999999999933,1478,LSTM
3047,7.530999999999933,1479,LSTM
3048,7.530999999999933,1480,LSTM
3049,7.529999999999934,1481,LSTM
3050,7.529999999999934,1482,LSTM
3051,7.529999999999934,1483,LSTM
3052,7.529999999999934,1484,LSTM
3053,7.529999999999934,1485,LSTM
3054,7.529999999999934,1486,LSTM
3055,7.529999999999934,1487,LSTM
3056,7.529999999999934,1488,LSTM
3057,7.623999999999934,1489,LSTM
3058,7.714999999999933,1490,LSTM
3059,7.805999999999932,1491,LSTM
3060,7.896999999999931,1492,LSTM
3061,7.98799999999993,1493,LSTM
3062,8.07899999999993,1494,LSTM
3063,8.169999999999929,1495,LSTM
3064,8.263999999999928,1496,LSTM
3065,8.354999999999928,1497,LSTM
3066,8.352999999999927,1498,LSTM
3067,8.352999999999927,1499,LSTM
3068,8.352999999999927,1500,LSTM
3069,8.352999999999927,1501,LSTM
3070,8.352999999999927,1502,LSTM
3071,8.352999999999927,1503,LSTM
